,display,address,x,y,area,theme
0,서울식물원,서울특별시 강서구 마곡동 812,126.8327467,37.5682071,서울특별시,관광지
1,동대문역사문화공원,서울특별시 중구 신당동,127.0111847,37.5674513,서울특별시,관광지
2,경복궁,서울특별시 종로구 세종로 1-91,126.9770162,37.5788407,서울특별시,관광지
3,남산서울타워,서울특별시 용산구 용산동2가 산1-3,126.9882487,37.5512164,서울특별시,관광지
4,서울숲,서울특별시 성동구 성수동1가 685-20,127.0385663,37.5419644,서울특별시,관광지
5,롯데월드,서울특별시 송파구 잠실동 40-1,127.0981638,37.5110793,서울특별시,관광지
6,서울 경교장,서울특별시 종로구 평동,126.9680546,37.5683721,서울특별시,관광지
7,북촌한옥마을,서울특별시 종로구 계동 105 북촌문화센터,126.9850840,37.5813540,서울특별시,관광지
8,낙산공원,서울특별시 종로구 동숭동 산2-10,127.0075870,37.5804770,서울특별시,관광지
9,삼성산성지,서울특별시 관악구 신림동,126.9293043,37.4566493,서울특별시,관광지
10,덕수궁,서울특별시 중구 정동 5-1,126.9749148,37.5660945,서울특별시,관광지
11,대림동 차이나타운,서울특별시 영등포구 대림동 1050-43,126.8974979,37.4924633,서울특별시,관광지
12,청계천,서울특별시 종로구 창신동,127.0056375,37.5696512,서울특별시,관광지
13,명동,서울특별시 중구 남산동2가 9-6,126.9858499,37.5600420,서울특별시,관광지
14,롯데월드타워 서울스카이,서울특별시 송파구 신천동 29,127.1025140,37.5125671,서울특별시,관광지
15,월드컵공원,서울특별시 마포구 상암동 481-6,126.8789069,37.5718050,서울특별시,관광지
16,홍대,서울특별시 마포구 상수동 72-1,126.9255395,37.5512241,서울특별시,관광지
17,동대문디자인플라자(DDP),서울특별시 중구 을지로7가 2-1,127.0099323,37.5675465,서울특별시,관광지
18,세빛섬,서울특별시 서초구 반포동 650,126.9959703,37.5124345,서울특별시,관광지
19,올림픽공원,서울특별시 송파구 방이동 88,127.1229590,37.5209340,서울특별시,관광지
20,서울로 7017,서울특별시 중구 봉래동2가 122-14,126.9706957,37.5567642,서울특별시,관광지
21,서울 몽촌토성,서울특별시 송파구 오륜동 88-3,127.1188664,37.5227975,서울특별시,관광지
22,이랜드크루즈 (한강유람선),서울특별시 영등포구 여의도동 85-1,126.9384372,37.5256389,서울특별시,관광지
23,창경궁,서울특별시 종로구 와룡동 2-1,126.9941420,37.5794952,서울특별시,관광지
24,놀이똥산,부산광역시 부산진구 부전동 227-2,129.0596047,35.1530129,서울특별시,관광지
25,북정마을,서울특별시 성북구 성북동 226-107,126.9910347,37.5928634,서울특별시,관광지
26,송파나루공원(석촌호수),서울특별시 송파구 신천동 32,127.1037659,37.5117815,서울특별시,관광지
27,아차산,경기도 구리시 아천동,127.1027414,37.5668454,서울특별시,관광지
28,인사동,서울특별시 종로구 인사동,126.9849358,37.5739818,서울특별시,관광지
29,양천향교,서울특별시 강서구 가양동 234,126.8398222,37.5730734,서울특별시,관광지
30,용마폭포공원,서울특별시 중랑구 면목동 산1-4,127.0905888,37.5731968,서울특별시,관광지
31,북악스카이 팔각정,서울특별시 종로구 평창동,126.9808647,37.6017356,서울특별시,관광지
32,서래마을,서울특별시 서초구 반포4동,126.9983230,37.4975181,서울특별시,관광지
33,경희궁,서울특별시 종로구 신문로2가 2-1,126.9685341,37.5707730,서울특별시,관광지
34,서울함공원,서울특별시 마포구 망원동 205-5,126.8974158,37.5536841,서울특별시,관광지
35,남산골한옥마을,서울특별시 중구 필동2가 84-1,126.9936826,37.5591447,서울특별시,관광지
36,이태원 관광특구,서울특별시 용산구 한남동,127.0023336,37.5372766,서울특별시,관광지
37,종묘 [유네스코 세계문화유산],서울특별시 종로구 훈정동 1-2,126.9939555,37.5758018,서울특별시,관광지
38,문화역 서울 284,서울특별시 중구 봉래동2가 122-28,126.9715927,37.5558207,서울특별시,관광지
39,한강시민공원 여의도지구(여의도한강공원),서울특별시 영등포구 여의도동 8,126.9348268,37.5263232,서울특별시,관광지
40,불암산,서울특별시 노원구 상계동,127.0952714,37.6636719,서울특별시,관광지
41,반포한강공원,서울특별시 서초구 반포동 115-5,126.9950258,37.5100065,서울특별시,관광지
42,부암동,서울특별시 종로구 부암동 265-21,126.9641000,37.5924785,서울특별시,관광지
43,광화문,서울특별시 종로구 세종로 1-57,126.9768428,37.5760260,서울특별시,관광지
44,화랑대 철도공원,서울특별시 노원구 공릉동 29-51,127.0928481,37.6240911,서울특별시,관광지
45,반포대교 달빛무지개분수,서울특별시 서초구 반포동,126.9965270,37.5154870,서울특별시,관광지
46,서울 동대문 닭한마리 골목,서울특별시 종로구 종로5가 37-7,127.0055818,37.5703033,서울특별시,관광지
47,서대문독립공원,서울특별시 서대문구 현저동 101,126.9567710,37.5738289,서울특별시,관광지
48,서해금빛열차,전라북도 군산시 내흥동 474-14,126.7597766,35.9992861,서울특별시,관광지
49,롯데월드타워&롯데월드몰,서울특별시 송파구 신천동 29,127.1044951,37.5138798,서울특별시,관광지
50,챔피언1250,경기도 수원시 영통구 영통동 981-2,127.0618367,37.2450608,서울특별시,관광지
51,백사실계곡,서울특별시 종로구 부암동 115,126.9666626,37.6007988,서울특별시,관광지
52,덕수궁 돌담길,서울특별시 중구 정동 4,126.9753127,37.5667016,서울특별시,관광지
53,홍릉수목원,서울특별시 동대문구 청량리동 207,127.0439361,37.5933922,서울특별시,관광지
54,서촌마을,서울특별시 종로구 누하동 15,126.9685047,37.5801885,서울특별시,관광지
55,여의도샛강생태공원,서울특별시 영등포구 여의도동 49,126.9227032,37.5177414,서울특별시,관광지
56,경복궁,서울특별시 종로구 세종로 1-91,126.9770162,37.5788407,서울특별시,역사
57,서울 경교장,서울특별시 종로구 평동,126.9680546,37.5683721,서울특별시,역사
58,북촌한옥마을,서울특별시 종로구 계동 105 북촌문화센터,126.9850840,37.5813540,서울특별시,역사
59,삼성산성지,서울특별시 관악구 신림동,126.9293043,37.4566493,서울특별시,역사
60,덕수궁,서울특별시 중구 정동 5-1,126.9749148,37.5660945,서울특별시,역사
61,청와대사랑채,서울특별시 종로구 효자동 150,126.9732244,37.5826285,서울특별시,역사
62,서울 몽촌토성,서울특별시 송파구 오륜동 88-3,127.1188664,37.5227975,서울특별시,역사
63,창경궁,서울특별시 종로구 와룡동 2-1,126.9941420,37.5794952,서울특별시,역사
64,양천향교,서울특별시 강서구 가양동 234,126.8398222,37.5730734,서울특별시,역사
65,경희궁,서울특별시 종로구 신문로2가 2-1,126.9685341,37.5707730,서울특별시,역사
66,종묘 [유네스코 세계문화유산],서울특별시 종로구 훈정동 1-2,126.9939555,37.5758018,서울특별시,역사
67,광화문,서울특별시 종로구 세종로 1-57,126.9768428,37.5760260,서울특별시,역사
68,국립4.19민주묘지,서울특별시 강북구 수유동,127.0105014,37.6473433,서울특별시,역사
69,봉은사(서울),서울특별시 강남구 삼성동,127.0611033,37.5142034,서울특별시,역사
70,국립서울현충원,서울특별시 동작구 동작동 271-18,126.9736848,37.4998621,서울특별시,역사
71,숭례문,서울특별시 중구 남대문로4가 29,126.9753562,37.5599757,서울특별시,역사
72,북촌 8경,서울특별시 종로구 가회동,126.9855110,37.5788807,서울특별시,역사
73,길상사(서울),서울특별시 성북구 성북동 323,126.9941046,37.5986549,서울특별시,역사
74,대원군별장,서울특별시 종로구 홍지동 125,126.9586282,37.5992160,서울특별시,역사
75,금선사(서울),서울특별시 종로구 구기동 196-2,126.9533973,37.6204454,서울특별시,역사
76,서울 운현궁,서울특별시 종로구 운니동 114-10,126.9870500,37.5761249,서울특별시,역사
77,호암산성,충청북도 충주시 안림동 323-3,127.9602209,36.9715928,서울특별시,역사
78,옥천암(서울),서울특별시 서대문구 홍은1동 8,126.9543475,37.5969645,서울특별시,역사
79,불국사,경상북도 경주시 진현동 15-1,129.3318695,35.7903819,서울특별시,역사
80,봉원사(서울),서울특별시 서대문구 봉원동 산1,126.9477867,37.5720004,서울특별시,역사
81,서울 약현성당,서울특별시 중구 중림동 149-2,126.9674853,37.5591567,서울특별시,역사
82,만해한용운심우장,서울특별시 성북구 성북동 222-1,126.9916920,37.5936190,서울특별시,역사
83,서울 명동성당,서울특별시 중구 명동2가 1-1,126.9872302,37.5634247,서울특별시,역사
84,성락원(서울),충청남도 태안군 남면 신장리 371,126.2908939,36.6742829,서울특별시,역사
85,수락산 학림사,서울특별시 노원구 상계동 1,127.0773710,37.6821081,서울특별시,역사
86,"서울 의릉(경종,선의왕후) [유네스코 세계문화유산]",서울특별시 성북구 석관동  333-2,127.0571462,37.6035423,서울특별시,역사
87,북악산 숙정문,서울특별시 종로구 삼청동,126.9810440,37.5954886,서울특별시,역사
88,백련사(서울),서울특별시 서대문구 홍은동 316-1,126.9272066,37.5864223,서울특별시,역사
89,서울 정동교회,서울특별시 중구 정동 34-3,126.9723969,37.5655018,서울특별시,역사
90,서울 구 러시아공사관,서울특별시 중구 정동,126.9716400,37.5680656,서울특별시,역사
91,조계사(서울),서울특별시 종로구 수송동,126.9818326,37.5739082,서울특별시,역사
92,수국사(서울),서울특별시 은평구 구산동 314,126.9043647,37.6158366,서울특별시,역사
93,능인선원,서울특별시 강남구 개포동 1055,127.0525916,37.4716779,서울특별시,역사
94,창의문(자하문),서울특별시 종로구 부암동 247-1,126.9661796,37.5927908,서울특별시,역사
95,승동교회,서울특별시 종로구 인사동,126.9868232,37.5713286,서울특별시,역사
96,약사사(서울),경기도 성남시 중원구 은행동,127.1786669,37.4671427,서울특별시,역사
97,서울 석촌동 고분군,서울특별시 송파구 석촌동,127.1022941,37.5021842,서울특별시,역사
98,환구단,서울특별시 중구 소공동,126.9797415,37.5650898,서울특별시,역사
99,중명전,서울특별시 중구 정동,126.9725254,37.5667029,서울특별시,역사
100,독립문,서울특별시 서대문구 현저동 941,126.9595516,37.5724281,서울특별시,역사
101,정몽주 동상,서울특별시 마포구 합정동,126.9098362,37.5483921,서울특별시,역사
102,덕수궁 대한문,서울특별시 중구 정동,126.9765162,37.5650354,서울특별시,역사
103,창덕궁 인정문,서울특별시 종로구 와룡동,126.9911634,37.5788264,서울특별시,역사
104,서울 암사동 유적,서울특별시 강동구 암사동 139-2,127.1303479,37.5606377,서울특별시,역사
105,인왕사(서울),서울특별시 종로구 무악동 산2-16,126.9595479,37.5779998,서울특별시,역사
106,경희궁 숭정전,서울특별시 종로구 신문로2가,126.9680570,37.5714234,서울특별시,역사
107,송파나루공원(석촌호수),서울특별시 송파구 신천동 32,127.1037659,37.5117815,서울특별시,자연
108,아차산,경기도 구리시 아천동,127.1027414,37.5668454,서울특별시,자연
109,불암산,서울특별시 노원구 상계동,127.0952714,37.6636719,서울특별시,자연
110,백사실계곡,서울특별시 종로구 부암동 115,126.9666626,37.6007988,서울특별시,자연
111,홍릉수목원,서울특별시 동대문구 청량리동 207,127.0439361,37.5933922,서울특별시,자연
112,여의도샛강생태공원,서울특별시 영등포구 여의도동 49,126.9227032,37.5177414,서울특별시,자연
113,남산 야외식물원,서울특별시 용산구 이태원2동 258-148,126.9954579,37.5427636,서울특별시,자연
114,북한산국립공원(서울),서울특별시 성북구 정릉동,127.0009380,37.6245490,서울특별시,자연
115,배봉산,서울특별시 동대문구 휘경2동 배봉산,127.0639375,37.5810807,서울특별시,자연
116,남산 케이블카,서울특별시 중구 회현동1가 산1-19,126.9840884,37.5569427,서울특별시,자연
117,진관사계곡,서울특별시 은평구 진관동,126.9495776,37.6354052,서울특별시,자연
118,안산,경기도 안산시 단원구 고잔동 515,126.8308176,37.3219123,서울특별시,자연
119,관악산공원 야외식물원,서울특별시 관악구 신림동,126.9481109,37.4610839,서울특별시,자연
120,서울창포원,서울특별시 도봉구 도봉동 4-1,127.0479047,37.6895404,서울특별시,자연
121,구룡산(서울),서울특별시 서초구 염곡동,127.0485832,37.4622450,서울특별시,자연
122,관악산,경기도 과천시 중앙동,126.9641299,37.4452080,서울특별시,자연
123,응봉산(서울),서울특별시 성동구 응봉동 응봉산,127.0297250,37.5478269,서울특별시,자연
124,반포 서래섬,서울특별시 서초구 반포동,126.9894970,37.5078864,서울특별시,자연
125,봉화산(서울),서울특별시 중랑구 신내동 643-1,127.0913316,37.6173717,서울특별시,자연
126,여의천,서울특별시 서초구 양재동,127.0378986,37.4712427,서울특별시,자연
127,도봉산,서울특별시 도봉구 도봉동,127.0154918,37.6988562,서울특별시,자연
128,양재 시민의숲,서울특별시 서초구 양재동 236,127.0350419,37.4712249,서울특별시,자연
129,아차산생태공원,서울특별시 광진구 광장동 370-2 아차산 생태공원,127.1010031,37.5517142,서울특별시,자연
130,파리공원,서울특별시 양천구 목동 906,126.8763932,37.5349739,서울특별시,자연
131,암사생태공원,서울특별시 강동구 암사동 616-1,127.1219500,37.5543583,서울특별시,자연
132,청계산,경기도 과천시 막계동,127.0424726,37.4224346,서울특별시,자연
133,수락산,서울특별시 노원구 상계동,127.0813633,37.6992320,서울특별시,자연
134,강서습지생태공원,서울특별시 강서구 방화동,126.8182416,37.5867077,서울특별시,자연
135,용마산,서울특별시 중랑구 면목동,127.0957337,37.5711599,서울특별시,자연
136,청계천 버들습지,서울특별시 성동구 용답동,127.0384378,37.5724086,서울특별시,자연
137,인왕산,서울특별시 종로구 무악동 산2-1,126.9578437,37.5849000,서울특별시,자연
138,관악산 생태공원,서울특별시 관악구 신림동 산117-3,126.9133975,37.4687074,서울특별시,자연
139,자생식물학습장,서울특별시 종로구 와룡동 2-1,126.9949568,37.5826629,서울특별시,자연
140,길동생태공원,서울특별시 강동구 길동 476,127.1547791,37.5403935,서울특별시,자연
141,갈산근린공원,인천광역시 부평구 갈산동,126.7250493,37.5192149,서울특별시,자연
142,전통염료식물원,서울특별시 용산구 용산동6가 168-6,126.9814076,37.5248325,서울특별시,자연
143,우이동계곡,서울특별시 강북구 우이동,127.0047272,37.6728654,서울특별시,자연
144,창덕궁 다래나무,서울특별시 종로구 와룡동,126.9893543,37.5862491,서울특별시,자연
145,망우산(서울),경기도 구리시 교문동,127.1126250,37.5905250,서울특별시,자연
146,일자산자연공원,서울특별시 강동구 둔촌동 산140,127.1507585,37.5321940,서울특별시,자연
147,초안산,서울특별시 노원구 월계동,127.0467206,37.6392321,서울특별시,자연
148,헌인릉 생태경관보전지역(오리나무림),서울특별시 서초구 내곡동,127.0818061,37.4661176,서울특별시,자연
149,삼각산,경기도 양평군 양동면,127.7093601,37.4710714,서울특별시,자연
150,북악산,서울특별시 종로구 부암동,126.9737295,37.5929992,서울특별시,자연
151,탄천,서울특별시 송파구 삼전동,127.0857125,37.4993846,서울특별시,자연
152,창덕궁 향나무,서울특별시 종로구 와룡동,126.9895304,37.5792671,서울특별시,자연
153,한강,서울특별시 영등포구 여의도동 8,126.9294637,37.5359140,서울특별시,자연
154,대림동 차이나타운,서울특별시 영등포구 대림동 1050-43,126.8974979,37.4924633,서울특별시,체험
155,명동,서울특별시 중구 남산동2가 9-6,126.9858499,37.5600420,서울특별시,체험
156,놀이똥산,부산광역시 부산진구 부전동 227-2,129.0596047,35.1530129,서울특별시,체험
157,인사동,서울특별시 종로구 인사동,126.9849358,37.5739818,서울특별시,체험
158,서래마을,서울특별시 서초구 반포4동,126.9983230,37.4975181,서울특별시,체험
159,남산골한옥마을,서울특별시 중구 필동2가 84-1,126.9936826,37.5591447,서울특별시,체험
160,부암동,서울특별시 종로구 부암동 265-21,126.9641000,37.5924785,서울특별시,체험
161,서울 동대문 닭한마리 골목,서울특별시 종로구 종로5가 37-7,127.0055818,37.5703033,서울특별시,체험
162,서해금빛열차,전라북도 군산시 내흥동 474-14,126.7597766,35.9992861,서울특별시,체험
163,챔피언1250,경기도 수원시 영통구 영통동 981-2,127.0618367,37.2450608,서울특별시,체험
164,덕수궁 돌담길,서울특별시 중구 정동 4,126.9753127,37.5667016,서울특별시,체험
165,서촌마을,서울특별시 종로구 누하동 15,126.9685047,37.5801885,서울특별시,체험
166,신사동 가로수길,서울특별시 강남구 신사동,127.0230886,37.5196922,서울특별시,체험
167,남대문 갈치조림골목,서울특별시 중구 남창동 34-155,126.9769527,37.5598433,서울특별시,체험
168,영등포 신길동 홍어거리,서울특별시 영등포구 신길4동 215-3,126.9116036,37.5105834,서울특별시,체험
169,연남동 공방거리,서울특별시 마포구 동교동 182-8,126.9310312,37.5562408,서울특별시,체험
170,다이나믹 메이즈 (서울 인사동점),서울특별시 종로구 인사동 43,126.9871781,37.5718325,서울특별시,체험
171,신촌 플레이버스,서울특별시 서대문구 창천동 31-123,126.9364438,37.5569267,서울특별시,체험
172,쌈지길,서울특별시 종로구 관훈동 38,126.9849308,37.5741994,서울특별시,체험
173,서울풍물시장 전통문화체험관,서울특별시 동대문구 신설동,127.0246102,37.5725081,서울특별시,체험
174,신당동 떡볶이 골목,서울특별시 중구 신당동 304-684,127.0148196,37.5628016,서울특별시,체험
175,삼청동길,서울특별시 종로구 삼청동,126.9824375,37.5898487,서울특별시,체험
176,대학로,서울특별시 종로구 동숭동,127.0033891,37.5827931,서울특별시,체험
177,서울 삼각지 대구탕 골목,서울특별시 용산구 한강로1가 142-3,126.9740974,37.5345500,서울특별시,체험
178,피노파밀리아,서울특별시 노원구 중계동 363-7,127.0798130,37.6460492,서울특별시,체험
179,한국전통주연구소,서울특별시 종로구 효자동 25,126.9711236,37.5815997,서울특별시,체험
180,키즈오토파크,서울특별시 광진구 능동 18,127.0781400,37.5515111,서울특별시,체험
181,홍대 벽화거리,서울특별시 마포구 상수동 72-36,126.9241030,37.5517967,서울특별시,체험
182,키자니아 서울,서울특별시 송파구 잠실동 40-1,127.0965726,37.5109098,서울특별시,체험
183,압구정 로데오거리,서울특별시 강남구 신사동,127.0361236,37.5268138,서울특별시,체험
184,이태원 앤틱 가구 거리,서울특별시 용산구 이태원동,126.9948734,37.5316570,서울특별시,체험
185,청와대 앞길,서울특별시 종로구 팔판동,126.9796680,37.5835149,서울특별시,체험
186,삼해소주가,서울특별시 종로구 원서동 4-9,126.9879949,37.5832846,서울특별시,체험
187,답십리 고미술상가,서울특별시 동대문구 답십리동 530-1,127.0522017,37.5682695,서울특별시,체험
188,응암동 감자국 거리,서울특별시 은평구 응암동,126.9168225,37.5873311,서울특별시,체험
189,장충동 족발 골목,서울특별시 중구 장충동1가 62-9,127.0062894,37.5605565,서울특별시,체험
190,강남,서울특별시 강남구 삼성동 16-1,127.0475020,37.5173050,서울특별시,체험
191,공덕동 족발 골목,서울특별시 마포구 공덕동,126.9530548,37.5447951,서울특별시,체험
192,남산서울타워 한복문화체험관,서울특별시 용산구 용산동2가 산1-3,126.9882341,37.5512020,서울특별시,체험
193,상수동 카페거리,서울특별시 마포구 상수동  313-7,126.9213695,37.5484976,서울특별시,체험
194,광흥당,서울특별시 마포구 창전동,126.9287255,37.5486689,서울특별시,체험
195,육군사관학교,서울특별시 노원구 공릉동 1-1,127.1006405,37.6232707,서울특별시,체험
196,청담패션거리,서울특별시 강남구 청담동 145,127.0463070,37.5260738,서울특별시,체험
197,국제선센터,서울특별시 양천구 신정동 319-11,126.8700720,37.5207971,서울특별시,체험
198,연세로,서울특별시 서대문구 창천동 31-20,126.9371435,37.5582723,서울특별시,체험
199,G밸리 패션지원센터,서울특별시 금천구 가산동 60-8,126.8892742,37.4771315,서울특별시,체험
200,경의선책거리,서울특별시 마포구 동교동 190-1,126.9290211,37.5564450,서울특별시,체험
201,아현동 전골목,서울특별시 마포구 공덕동 256-10,126.9538051,37.5449527,서울특별시,체험
202,VRZONE 용산 아이파크몰점,서울특별시 용산구 한강로3가 40-999,126.9635830,37.5295569,서울특별시,체험
203,양천구 어린이교통공원,서울특별시 양천구 신정동 163-55,126.8700387,37.5097818,서울특별시,체험
204,낙원동 아구찜 거리,서울특별시 종로구 낙원동,126.9884437,37.5730990,서울특별시,체험
205,재활용창작품상설전시관,서울특별시 양천구 신월5동 51-2,126.8282121,37.5371063,서울특별시,체험
206,경의선숲길(연트럴파크),서울특별시 마포구 연남동,126.9229824,37.5619568,서울특별시,체험
207,올림픽공원 경기장,서울특별시 송파구 방이동 88-2,127.1275164,37.5192438,서울특별시,체험
208,서울종합운동장(잠실종합운동장),서울특별시 송파구 잠실동 10-1,127.0718388,37.5119858,서울특별시,체험
209,코오롱스포렉스(서초점),서울특별시 서초구 서초2동 1324-2,127.0234272,37.4939662,서울특별시,체험
210,[북한산 둘레길] 7 옛성길,서울특별시 서대문구 홍은동,126.9461750,37.6065500,서울특별시,체험
211,서대문문화체육회관 실내수영장,서울특별시 서대문구 홍은동 산26-155,126.9313042,37.5805363,서울특별시,체험
212,초대길,전라남도 해남군 문내면 고평리,126.3500084,34.6325043,서울특별시,체험
213,양천구 둘레길(하천형),서울특별시 양천구 목동  914-3,126.8810154,37.5289260,서울특별시,체험
214,강동그린웨이 가족캠핑장,서울특별시 강동구 둔촌동 562,127.1520940,37.5362549,서울특별시,체험
215,YMCA 송파 수영장(실내),서울특별시 송파구 잠실동 27-11,127.0943992,37.5126945,서울특별시,체험
216,신림체육센터,서울특별시 관악구 미성동 산197-31,126.9160174,37.4800958,서울특별시,체험
217,롯데월드 아이스링크(실내),서울특별시 송파구 잠실동 40-1,127.0986991,37.5112680,서울특별시,체험
218,[서울둘레길 8코스] 북한산코스,서울특별시 성북구 정릉동,126.9990406,37.6178498,서울특별시,체험
219,서울마리나 요트&클럽,서울특별시 영등포구 여의도동 81-8,126.9116093,37.5347982,서울특별시,체험
220,[서울둘레길 1코스] 수락·불암산코스,서울특별시 노원구 중계동 산38-1,127.0830485,37.6576765,서울특별시,체험
221,송정제방길,서울특별시 성동구 송정동,127.0664784,37.5529208,서울특별시,체험
222,세븐럭카지노(강남코엑스점),서울특별시 강남구 삼성동 159,127.0574888,37.5121662,서울특별시,체험
223,장충체육관,서울특별시 중구 장충동2가 200-102,127.0067900,37.5581865,서울특별시,체험
224,고덕사회체육센터(실내수영장),서울특별시 강동구 상일동 126,127.1686736,37.5510403,서울특별시,체험
225,뚝섬한강공원,서울특별시 광진구 자양동 704-1,127.0706769,37.5294517,서울특별시,체험
226,[서울둘레길 2코스] 용마·아차산코스,서울특별시 중랑구 면목동,127.1065355,37.5842738,서울특별시,체험
227,태릉국제스케이트장(실내),서울특별시 노원구 공릉동 산223-19,127.1037498,37.6364141,서울특별시,체험
228,[서울둘레길 4코스] 대모·우면산코스,서울특별시 서초구 양재동 238-2,127.0403538,37.4637263,서울특별시,체험
229,고구동산길,서울특별시 동작구 상도동 430,126.9547460,37.5031519,서울특별시,체험
230,[북한산 둘레길] 8 구름정원길,서울특별시 은평구 불광동,126.9328000,37.6248167,서울특별시,체험
231,올림픽공원 스케이트장,서울특별시 송파구 방이동 88,127.1160986,37.5185109,서울특별시,체험
232,리버시티,경기도 군포시 산본동 90-17,126.9395070,37.3719442,서울특별시,체험
233,[서울둘레길 5코스] 관악산코스,서울특별시 관악구 신림동,126.9340017,37.4567343,서울특별시,체험
234,용산초등학교 실내수영장,대구광역시 달서구 용산동 230-6,128.5294850,35.8530509,서울특별시,체험
235,서울월드컵경기장,서울특별시 마포구 성산동 515-39,126.8972733,37.5682553,서울특별시,체험
236,한강공원 뚝섬 눈썰매장,서울특별시 광진구 자양동 112,127.0672035,37.5293939,서울특별시,체험
237,명동사격장,서울특별시 중구 충무로2가 11-1,126.9865563,37.5621188,서울특별시,체험
238,송강카누학교 서울분교,서울특별시 광진구 자양동 564,127.0792259,37.5271848,서울특별시,체험
239,[북한산 둘레길] 6 평창마을길,서울특별시 종로구 평창동,126.9694625,37.6117000,서울특별시,체험
240,태릉골프장,서울특별시 노원구 공릉동 617-18,127.0758283,37.6188556,서울특별시,체험
241,[북한산 둘레길] 9 마실길,서울특별시 은평구 진관동,126.9413639,37.6424417,서울특별시,체험
242,창동문화체육센터,서울특별시 도봉구 창동 1-6,127.0508617,37.6582936,서울특별시,체험
243,[북한산 둘레길] 1 소나무숲길,서울특별시 강북구 우이동,127.0098738,37.6593102,서울특별시,체험
244,산호수중,서울특별시 동대문구 신설동 104-22 1층,127.0246892,37.5737991,서울특별시,체험
245,scg스포츠아카데미,서울특별시 은평구 진관동 63 롯데몰 은평점 9층,126.9192000,37.6392216,서울특별시,체험
246,망원한강공원,서울특별시 마포구 망원동 205-4,126.8952797,37.5553018,서울특별시,체험
247,광운대학교 아이스링크,서울특별시 노원구 월계동 466,127.0571964,37.6202781,서울특별시,체험
248,서울여성플라자,서울특별시 동작구 대방동 345-1,126.9272598,37.5117734,서울특별시,체험
249,문래청소년수련관 수영장(실내),서울특별시 영등포구 문래동3가 73,126.8938863,37.5189599,서울특별시,체험
250,월미도,인천광역시 중구 북성동1가,126.5992644,37.4735826,인천광역시,관광지
251,석모도 미네랄 온천,인천광역시 강화군 삼산면 매음리 645-27,126.3126707,37.6854220,인천광역시,관광지
252,교동도(강화),인천광역시 강화군 교동면 대룡리 1049,126.2845877,37.7699463,인천광역시,관광지
253,굴업도,인천광역시 옹진군 덕적면 굴업리,125.9753053,37.1905063,인천광역시,관광지
254,송도 센트럴파크,인천광역시 연수구 송도동 24-5,126.6406008,37.3913128,인천광역시,관광지
255,석모도,인천광역시 강화군 삼산면 석모리 산154-1,126.3164739,37.6972399,인천광역시,관광지
256,인천 차이나타운,인천광역시 중구 선린동 20,126.6185436,37.4754747,인천광역시,관광지
257,강화씨사이드리조트 루지,인천광역시 강화군 길상면 선두리 산343-2,126.4985327,37.6169948,인천광역시,관광지
258,을왕리해수욕장,인천광역시 중구 을왕동 746-1,126.3727879,37.4464259,인천광역시,관광지
259,강화 동막해변,인천광역시 강화군 화도면 동막리 7,126.4574632,37.5928395,인천광역시,관광지
260,소이작도,인천광역시 옹진군 자월면 이작리,126.2342668,37.1834294,인천광역시,관광지
261,경인 아라뱃길,경기도 김포시 고촌읍 신곡리,126.7740872,37.5855244,인천광역시,관광지
262,소래습지생태공원,인천광역시 남동구 논현동 1-17,126.7475644,37.4134967,인천광역시,관광지
263,민머루해변,인천광역시 강화군 삼산면 매음리,126.3329863,37.6514853,인천광역시,관광지
264,보문사(강화),인천광역시 강화군 삼산면 매음리 114-52,126.3543727,37.6547612,인천광역시,관광지
265,석모도 자연휴양림,인천광역시 강화군 삼산면 석모리 산154-2,126.3146480,37.6964769,인천광역시,관광지
266,백령도,인천광역시 옹진군 백령면,124.6857469,37.9521469,인천광역시,관광지
267,강화 덕진진,인천광역시 강화군 불은면 덕성리 846,126.5242434,37.6492413,인천광역시,관광지
268,선녀바위,인천광역시 중구 을왕동,126.3793101,37.4382374,인천광역시,관광지
269,강화 전등사,인천광역시 강화군 길상면 온수리 635,126.4846851,37.6319760,인천광역시,관광지
270,옹진 백령도 두무진,인천광역시 옹진군 백령면 연화리 1048,124.6188036,37.9746369,인천광역시,관광지
271,옥토끼우주센터,인천광역시 강화군 불은면 두운리 1026,126.4871571,37.6742008,인천광역시,관광지
272,송월동 동화마을,인천광역시 중구 송월동3가 17,126.6205644,37.4779369,인천광역시,관광지
273,연안부두,인천광역시 중구 항동1가,126.6003590,37.4556064,인천광역시,관광지
274,영흥도,인천광역시 옹진군 영흥면 내리 213,126.4629130,37.2581709,인천광역시,관광지
275,소청도,인천광역시 옹진군 대청면 소청리,124.7539879,37.7735449,인천광역시,관광지
276,고려산,인천광역시 강화군 내가면 고천리,126.4372543,37.7439243,인천광역시,관광지
277,인천대교,인천광역시 중구 운남동 1113-70,126.5137200,37.4705640,인천광역시,관광지
278,갑곶돈대,인천광역시 강화군 강화읍 갑곳리,126.5160491,37.7335793,인천광역시,관광지
279,마니산(강화),강원도 원주시 태장동 682,127.9574917,37.3620553,인천광역시,관광지
280,석모도 수목원,인천광역시 강화군 삼산면 석모리 산133-2,126.3267421,37.6910078,인천광역시,관광지
281,소래포구,인천광역시 남동구 논현동 111-200,126.7402128,37.3984783,인천광역시,관광지
282,무의도,인천광역시 중구 무의동,126.4176569,37.3904596,인천광역시,관광지
283,대이작도,인천광역시 옹진군 자월면 이작리,126.2562400,37.1745728,인천광역시,관광지
284,강화 고인돌 유적 [유네스코 세계문화유산],인천광역시 강화군 하점면 부근리 330-2,126.4371592,37.7743415,인천광역시,관광지
285,강화 아르미애월드,인천광역시 강화군 불은면 삼성리 1027-42,126.4350627,37.7032936,인천광역시,관광지
286,소창체험관,인천광역시 강화군 강화읍 신문리 84-2,126.4848553,37.7457090,인천광역시,관광지
287,도래미마을,인천광역시 강화군 선원면 지산리 246,126.5091546,37.7150837,인천광역시,관광지
288,영흥도 십리포해변,인천광역시 옹진군 영흥면 내리 734,126.4852956,37.2819451,인천광역시,관광지
289,하나개해수욕장,인천광역시 중구 무의동,126.4096027,37.3846805,인천광역시,관광지
290,영종도,인천광역시 중구 운남동 671-3,126.5307310,37.4958660,인천광역시,관광지
291,강화도,인천광역시 강화군 강화읍 강화도,126.4469880,37.6988179,인천광역시,관광지
292,아암도해안공원,인천광역시 연수구 송도동 25,126.6406750,37.4124654,인천광역시,관광지
293,자유공원(인천),인천광역시 중구 송학동2가 20,126.6255166,37.4748495,인천광역시,관광지
294,분오리돈대,인천광역시 강화군 화도면 사기리 산185-1 185-1,126.4615380,37.5905070,인천광역시,관광지
295,선녀바위해수욕장,인천광역시 중구 을왕동,126.3783995,37.4399592,인천광역시,관광지
296,왕산해수욕장,인천광역시 중구 을왕동,126.3687198,37.4563448,인천광역시,관광지
297,동인천 삼치거리,인천광역시 중구 전동 19-2,126.6287615,37.4759910,인천광역시,관광지
298,계양산 산림욕장,인천광역시 계양구 계산동 산48,126.7128373,37.5471542,인천광역시,관광지
299,개항장 거리,인천광역시 중구 관동1가 24,126.6230870,37.4733628,인천광역시,관광지
300,인천대공원,인천광역시 남동구 장수동 산164,126.7609822,37.4573965,인천광역시,관광지
301,백령도 콩돌해변,인천광역시 옹진군 백령면 남포리,124.6985120,37.9255879,인천광역시,관광지
302,서포리해변,인천광역시 옹진군 덕적면 서포리해수욕장,126.1140344,37.2216304,인천광역시,관광지
303,보문사(강화),인천광역시 강화군 삼산면 매음리 114-52,126.3543727,37.6547612,인천광역시,역사
304,강화 덕진진,인천광역시 강화군 불은면 덕성리 846,126.5242434,37.6492413,인천광역시,역사
305,강화 전등사,인천광역시 강화군 길상면 온수리 635,126.4846851,37.6319760,인천광역시,역사
306,갑곶돈대,인천광역시 강화군 강화읍 갑곳리,126.5160491,37.7335793,인천광역시,역사
307,강화 고인돌 유적 [유네스코 세계문화유산],인천광역시 강화군 하점면 부근리 330-2,126.4371592,37.7743415,인천광역시,역사
308,분오리돈대,인천광역시 강화군 화도면 사기리 산185-1 185-1,126.4615380,37.5905070,인천광역시,역사
309,개항장 거리,인천광역시 중구 관동1가 24,126.6230870,37.4733628,인천광역시,역사
310,연미정,인천광역시 강화군 강화읍 월곳리,126.5113249,37.7704250,인천광역시,역사
311,강화 초지진,인천광역시 강화군 길상면 초지리 624,126.5323153,37.6325220,인천광역시,역사
312,고려궁지,인천광역시 강화군 강화읍 관청리 163,126.4850627,37.7512514,인천광역시,역사
313,광성보,인천광역시 강화군 불은면 덕성리 833,126.5306250,37.6647987,인천광역시,역사
314,흥륜사(인천),인천광역시 연수구 동춘동 산14-1,126.6598863,37.4170029,인천광역시,역사
315,용흥궁,인천광역시 강화군 강화읍 관청리,126.4856714,37.7478205,인천광역시,역사
316,대한민국 수준원점,인천광역시 미추홀구 용현동,126.6563171,37.4501834,인천광역시,역사
317,강화 서도 중앙교회,인천광역시 강화군 서도면 주문도리,126.2442713,37.6436257,인천광역시,역사
318,대한성공회 강화성당,인천광역시 강화군 강화읍 관청리 336,126.4862844,37.7485909,인천광역시,역사
319,(구)인천일본제58은행지점,인천광역시 중구 중앙동2가,126.6213989,37.4728848,인천광역시,역사
320,강화산성,인천광역시 강화군 강화읍 대산리,126.4830750,37.7558000,인천광역시,역사
321,능허대지,인천광역시 연수구 옥련동,126.6432600,37.4226650,인천광역시,역사
322,교동향교,인천광역시 강화군 교동면 읍내리 148,126.2967806,37.7751798,인천광역시,역사
323,홍예문,인천광역시 중구 송학동3가 20,126.6263001,37.4746811,인천광역시,역사
324,인천도호부청사,인천광역시 미추홀구 문학동 349-1,126.6864141,37.4388068,인천광역시,역사
325,약사사(인천),인천광역시 남동구 간석동 12-3,126.7126137,37.4719918,인천광역시,역사
326,제물포구락부,인천광역시 중구 송학동1가 11-1,126.6225293,37.4746385,인천광역시,역사
327,인천 경서동 녹청자 요지,인천광역시 서구 경서동 737-5,126.6559582,37.5584946,인천광역시,역사
328,인천 답동성당,인천광역시 중구 답동 3-3,126.6299735,37.4711323,인천광역시,역사
329,망양돈대,인천광역시 강화군 내가면 외포리 680,126.3746875,37.7008678,인천광역시,역사
330,정수사(강화),인천광역시 강화군 화도면 사기리 467-3,126.4453668,37.6078639,인천광역시,역사
331,해군영흥도 전적비,인천광역시 옹진군 영흥면 내리,126.4857629,37.2573500,인천광역시,역사
332,호명사,인천광역시 부평구 부평동 산34-17,126.7147696,37.4842298,인천광역시,역사
333,용궁사(인천),인천광역시 중구 운남동 667,126.5280334,37.4971401,인천광역시,역사
334,인천향교,인천광역시 미추홀구 문학동 349-2,126.6868134,37.4393787,인천광역시,역사
335,지선사,인천광역시 계양구 계산동 763-41,126.7116923,37.5456146,인천광역시,역사
336,원인재,인천광역시 연수구 연수동,126.6909036,37.4144506,인천광역시,역사
337,강화전적지,인천광역시 강화군 강화읍 관청리 168-17,126.4880504,37.7457724,인천광역시,역사
338,인천우체국,인천광역시 연수구 연수3동 581-1,126.6909603,37.4193186,인천광역시,역사
339,적석사,인천광역시 강화군 내가면 고천리 산74,126.4110615,37.7364938,인천광역시,역사
340,인천통일관,인천광역시 미추홀구 숭의4동 8-7,126.6633002,37.4598506,인천광역시,역사
341,부평향교,인천광역시 계양구 계산동,126.7203191,37.5397761,인천광역시,역사
342,무태돈대,인천광역시 강화군 하점면 창후리 산151-4 151-4,126.3551516,37.7714841,인천광역시,역사
343,연무당 옛터,인천광역시 강화군 강화읍 관청리,126.4770250,37.7474929,인천광역시,역사
344,철종외가,인천광역시 강화군 선원면 냉정리 264,126.4773499,37.7049680,인천광역시,역사
345,무덕정,대전광역시 유성구 덕명동 7,127.3073375,36.3542127,인천광역시,역사
346,강화 홍릉,인천광역시 강화군 강화읍 국화리 산180,126.4419296,37.7425763,인천광역시,역사
347,청련사(강화),인천광역시 강화군 강화읍 국화리 550,126.4486250,37.7456430,인천광역시,역사
348,청학동외국인묘지,인천광역시 연수구 청학동 산53-2,126.6627402,37.4248471,인천광역시,역사
349,강화 석수문,인천광역시 강화군 강화읍 국화리,126.4756087,37.7455673,인천광역시,역사
350,삼랑성(정족산성),인천광역시 강화군 길상면 온수리 산41-1,126.4871945,37.6317409,인천광역시,역사
351,청수암(인천),인천광역시 강화군 강화읍 신문리 681-2,126.4755950,37.7420998,인천광역시,역사
352,강화향교,인천광역시 강화군 강화읍 관청리,126.4787806,37.7538327,인천광역시,역사
353,연등국제선원,인천광역시 강화군 길상면 길직리 85-7,126.4836745,37.6707910,인천광역시,역사
354,논현포대,인천광역시 남동구 논현동,126.7045301,37.4040128,인천광역시,역사
355,강화 참성단,인천광역시 강화군 화도면 상방리 산35,126.4296811,37.6155415,인천광역시,역사
356,월미도,인천광역시 중구 북성동1가,126.5992644,37.4735826,인천광역시,자연
357,교동도(강화),인천광역시 강화군 교동면 대룡리 1049,126.2845877,37.7699463,인천광역시,자연
358,굴업도,인천광역시 옹진군 덕적면 굴업리,125.9753053,37.1905063,인천광역시,자연
359,석모도,인천광역시 강화군 삼산면 석모리 산154-1,126.3164739,37.6972399,인천광역시,자연
360,을왕리해수욕장,인천광역시 중구 을왕동 746-1,126.3727879,37.4464259,인천광역시,자연
361,강화 동막해변,인천광역시 강화군 화도면 동막리 7,126.4574632,37.5928395,인천광역시,자연
362,소이작도,인천광역시 옹진군 자월면 이작리,126.2342668,37.1834294,인천광역시,자연
363,소래습지생태공원,인천광역시 남동구 논현동 1-17,126.7475644,37.4134967,인천광역시,자연
364,민머루해변,인천광역시 강화군 삼산면 매음리,126.3329863,37.6514853,인천광역시,자연
365,석모도 자연휴양림,인천광역시 강화군 삼산면 석모리 산154-2,126.3146480,37.6964769,인천광역시,자연
366,백령도,인천광역시 옹진군 백령면,124.6857469,37.9521469,인천광역시,자연
367,선녀바위,인천광역시 중구 을왕동,126.3793101,37.4382374,인천광역시,자연
368,옹진 백령도 두무진,인천광역시 옹진군 백령면 연화리 1048,124.6188036,37.9746369,인천광역시,자연
369,연안부두,인천광역시 중구 항동1가,126.6003590,37.4556064,인천광역시,자연
370,영흥도,인천광역시 옹진군 영흥면 내리 213,126.4629130,37.2581709,인천광역시,자연
371,소청도,인천광역시 옹진군 대청면 소청리,124.7539879,37.7735449,인천광역시,자연
372,고려산,인천광역시 강화군 내가면 고천리,126.4372543,37.7439243,인천광역시,자연
373,마니산(강화),강원도 원주시 태장동 682,127.9574917,37.3620553,인천광역시,자연
374,석모도 수목원,인천광역시 강화군 삼산면 석모리 산133-2,126.3267421,37.6910078,인천광역시,자연
375,소래포구,인천광역시 남동구 논현동 111-200,126.7402128,37.3984783,인천광역시,자연
376,무의도,인천광역시 중구 무의동,126.4176569,37.3904596,인천광역시,자연
377,대이작도,인천광역시 옹진군 자월면 이작리,126.2562400,37.1745728,인천광역시,자연
378,영흥도 십리포해변,인천광역시 옹진군 영흥면 내리 734,126.4852956,37.2819451,인천광역시,자연
379,하나개해수욕장,인천광역시 중구 무의동,126.4096027,37.3846805,인천광역시,자연
380,강화도,인천광역시 강화군 강화읍 강화도,126.4469880,37.6988179,인천광역시,자연
381,선녀바위해수욕장,인천광역시 중구 을왕동,126.3783995,37.4399592,인천광역시,자연
382,왕산해수욕장,인천광역시 중구 을왕동,126.3687198,37.4563448,인천광역시,자연
383,계양산 산림욕장,인천광역시 계양구 계산동 산48,126.7128373,37.5471542,인천광역시,자연
384,백령도 콩돌해변,인천광역시 옹진군 백령면 남포리,124.6985120,37.9255879,인천광역시,자연
385,서포리해변,인천광역시 옹진군 덕적면 서포리해수욕장,126.1140344,37.2216304,인천광역시,자연
386,장봉도,인천광역시 옹진군 북도면 장봉리,126.3447091,37.5349948,인천광역시,자연
387,팔미도등대,인천광역시 중구 무의동,126.5106128,37.3584702,인천광역시,자연
388,잠진도,인천광역시 중구 을왕동,126.4137259,37.4184567,인천광역시,자연
389,삼산저수지,인천광역시 강화군 삼산면 석모리,126.2863222,37.7084570,인천광역시,자연
390,장경리해수욕장,인천광역시 옹진군 영흥면 내리,126.4509894,37.2737916,인천광역시,자연
391,실미해수욕장,인천광역시 중구 무의동 136-49,126.4028195,37.4034133,인천광역시,자연
392,선재도(선재도 어촌체험마을),인천광역시 옹진군 영흥면 선재리 108-50,126.5372098,37.2328777,인천광역시,자연
393,호룡곡산,인천광역시 중구 무의동,126.4217668,37.3779861,인천광역시,자연
394,용유도 마시안해변,인천광역시 중구 덕교동 662-5,126.4139253,37.4348640,인천광역시,자연
395,대청도,인천광역시 옹진군 대청면 대청리,124.7052137,37.8272973,인천광역시,자연
396,장봉도 옹암해변,인천광역시 옹진군 북도면 장봉리,126.3699140,37.5302529,인천광역시,자연
397,계양산,인천광역시 계양구 계산동,126.7145593,37.5531608,인천광역시,자연
398,승봉도,인천광역시 옹진군 자월면,126.3088971,37.1667967,인천광역시,자연
399,영종도,인천광역시 중구 운남동 671-3,126.5307310,37.4958660,인천광역시,자연
400,세어도,인천광역시 서구 원창동 356-1,126.5622098,37.5734853,인천광역시,자연
401,인천항 갑문,인천광역시 중구 북성동1가,126.6045520,37.4665890,인천광역시,자연
402,승봉도 이일레 해변,인천광역시 옹진군 자월면 승봉리,126.3020034,37.1650606,인천광역시,자연
403,후포항 선수포구,인천광역시 강화군 화도면 내리,126.3922147,37.6403736,인천광역시,자연
404,자월도 장골해변,인천광역시 옹진군 자월면 자월리,126.3129612,37.2496117,인천광역시,자연
405,울도,인천광역시 옹진군 덕적면 울도리,125.9854225,37.0346002,인천광역시,자연
406,서어나무(소사나무)군락지,인천광역시 옹진군 영흥면 내리,126.4850904,37.2570865,인천광역시,자연
407,용유도,인천광역시 중구 을왕동 용유도,126.4164280,37.4587710,인천광역시,자연
408,장봉도 진촌해변,인천광역시 옹진군 북도면 장봉리,126.3343846,37.5506591,인천광역시,자연
409,수기해변,인천광역시 옹진군 북도면 시도리,126.4314500,37.5446833,인천광역시,자연
410,인천 차이나타운,인천광역시 중구 선린동 20,126.6185436,37.4754747,인천광역시,체험
411,옥토끼우주센터,인천광역시 강화군 불은면 두운리 1026,126.4871571,37.6742008,인천광역시,체험
412,강화 아르미애월드,인천광역시 강화군 불은면 삼성리 1027-42,126.4350627,37.7032936,인천광역시,체험
413,도래미마을,인천광역시 강화군 선원면 지산리 246,126.5091546,37.7150837,인천광역시,체험
414,동인천 삼치거리,인천광역시 중구 전동 19-2,126.6287615,37.4759910,인천광역시,체험
415,인천 화평동 세숫대야 냉면 거리,인천광역시 동구 화평동 536,126.6298374,37.4782416,인천광역시,체험
416,부평 해물탕거리,인천광역시 부평구 부평동,126.7279442,37.4942537,인천광역시,체험
417,큰무리어촌체험마을,인천광역시 중구 무의동 298-1,126.4135338,37.4092087,인천광역시,체험
418,강화 용두레마을,인천광역시 강화군 내가면 황청리 212,126.3594955,37.7192183,인천광역시,체험
419,인천 푸른벗말,인천광역시 옹진군 북도면 신도리 37-31,126.4637679,37.5276052,인천광역시,체험
420,강화 달빛동화마을,인천광역시 강화군 양도면 삼흥리 1528-1,126.4164389,37.6800750,인천광역시,체험
421,강화 화문석마을,인천광역시 강화군 송해면 당산리,126.4584259,37.7999509,인천광역시,체험
422,연안부두 밴댕이회무침거리,인천광역시 중구 항동7가,126.6038782,37.4563264,인천광역시,체험
423,인하대후문먹거리타운,인천광역시 미추홀구 용현동,126.6572398,37.4517002,인천광역시,체험
424,무의 까치놀섬마을,인천광역시 중구 무의동 산171-1,126.4205868,37.3863872,인천광역시,체험
425,장봉마을,인천광역시 옹진군 북도면 장봉리,126.3389275,37.5388448,인천광역시,체험
426,실미원농장,인천광역시 중구 무의동 751-1,126.4052406,37.4024536,인천광역시,체험
427,덕산국민여가캠핑장,인천광역시 강화군 내가면 고천리 산494,126.3805858,37.7174851,인천광역시,체험
428,계양산 둘레길,인천광역시 계양구 계산동,126.7145593,37.5531608,인천광역시,체험
429,인천아시아드주경기장,인천광역시 서구 연희동 378,126.6666172,37.5476153,인천광역시,체험
430,송도종합스포츠센터,인천광역시 연수구 송도동 380,126.6185425,37.3512946,인천광역시,체험
431,함허동천야영장,인천광역시 강화군 화도면 사기리 340-2,126.4523975,37.6122241,인천광역시,체험
432,만정캠핑장,인천광역시 중구 중산동 1853,126.5522592,37.5149500,인천광역시,체험
433,강화레포츠파크,인천광역시 강화군 불은면 삼성리 302-17,126.4537983,37.7151707,인천광역시,체험
434,영종씨사이드 레일바이크,인천광역시 중구 중산동 1967-1,126.5768143,37.4884891,인천광역시,체험
435,강화도 황청낚시터,인천광역시 강화군 내가면 황청리 531,126.3643496,37.7148298,인천광역시,체험
436,여성문화회관 수영장(실내),인천광역시 부평구 갈산동 375-1,126.7220979,37.5080135,인천광역시,체험
437,인천대공원 사계절썰매장,인천광역시 남동구 장수동 산78,126.7647523,37.4574599,인천광역시,체험
438,계양경기장 계양체육관,인천광역시 계양구 서운동,126.7500169,37.5327721,인천광역시,체험
439,계양경기장 아시아드양궁장,인천광역시 계양구 서운동 110,126.7438868,37.5324631,인천광역시,체험
440,인천광역시 미추홀구 청소년수련관,인천광역시 미추홀구 숭의동 131-6,126.6489184,37.4634682,인천광역시,체험
441,인천문학경기장(인천월드컵경기장),인천광역시 미추홀구 문학동 482,126.6907356,37.4351596,인천광역시,체험
442,인산낚시터,인천광역시 강화군 양도면 인산리 153-2,126.4307000,37.6986430,인천광역시,체험
443,신선낚시터,인천광역시 강화군 내가면 고천리 1851-1,126.4139750,37.7200600,인천광역시,체험
444,인천서구 사계절썰매장,인천광역시 서구 공촌동 산140-2,126.6838134,37.5473562,인천광역시,체험
445,국화지낚시터,인천광역시 강화군 강화읍 국화리 산59-9,126.4669750,37.7473929,인천광역시,체험
446,강화도,인천광역시 강화군 강화읍 강화도,126.4469880,37.6988179,인천광역시,체험
447,계산국민체육센터,인천광역시 계양구 계산동 907-2,126.7291757,37.5463046,인천광역시,체험
448,스쿠바몰,인천광역시 부평구 부개동 477-4,126.7355989,37.5046694,인천광역시,체험
449,강화 길정지,인천광역시 강화군 양도면 길정리,126.4717380,37.6537570,인천광역시,체험
450,선두포낚시터,인천광역시 강화군 화도면 사기리,126.4687375,37.6251071,인천광역시,체험
451,인천아시아드 주경기장 연희크리켓경기장,인천광역시 서구 심곡동 378,126.6685092,37.5401073,인천광역시,체험
452,나인승마클럽,인천광역시 계양구 방축동 72,126.7330331,37.5570737,인천광역시,체험
453,계양경기장,인천광역시 계양구 서운동 111,126.7479159,37.5333840,인천광역시,체험
454,인천광역시 청소년수련관,인천광역시 남동구 장수동 471,126.7501908,37.4537664,인천광역시,체험
455,인천 올림픽기념국민생활관,인천광역시 남동구 구월동 1246,126.7186500,37.4566595,인천광역시,체험
456,갈매기배낚시,인천광역시 옹진군 영흥면 내리 4-1 시,126.4992753,37.2562248,인천광역시,체험
457,파라다이스 카지노 인천공항점,인천광역시 중구 운서동 2874,126.4545993,37.4372931,인천광역시,체험
458,인천국제컨트리클럽,인천광역시 서구 경서동 720-1,126.6536890,37.5619319,인천광역시,체험
459,장태산자연휴양림,대전광역시 서구 장안동 산67,127.3406230,36.2178029,대전광역시,관광지
460,상소동 산림욕장,대전광역시 동구 상소동 산1-1,127.4717919,36.2341746,대전광역시,관광지
461,대동하늘공원,대전광역시 동구 대동 1-641,127.4516152,36.3322026,대전광역시,관광지
462,장동산림욕장,대전광역시 대덕구 장동 59,127.4428168,36.4050302,대전광역시,관광지
463,유성온천지구,대전광역시 유성구 봉명동 2-1,127.3570635,36.3601462,대전광역시,관광지
464,뿌리공원,대전광역시 중구 침산동 산34,127.3883250,36.2847670,대전광역시,관광지
465,한밭수목원,대전광역시 서구 만년동 396,127.3879822,36.3688239,대전광역시,관광지
466,한밭수목원,대전광역시 서구 만년동 396,127.3879822,36.3688239,대전광역시,관광지
467,대전엑스포과학공원,대전광역시 유성구 도룡동 3-1,127.3863485,36.3771613,대전광역시,관광지
468,만인산 자연휴양림,대전광역시 동구 하소동 산47,127.4478800,36.1982530,대전광역시,관광지
469,스카이로드,대전광역시 중구 은행동,127.4280310,36.3287849,대전광역시,관광지
470,대전오월드,대전광역시 중구 사정동 142,127.3979539,36.2888608,대전광역시,관광지
471,발명교육센터 창의발명체험관,대전광역시 유성구 가정동 33,127.3657723,36.3771082,대전광역시,관광지
472,우암사적공원,대전광역시 동구 가양동 65,127.4582006,36.3477029,대전광역시,관광지
473,솔로몬 로파크,대전광역시 유성구 원촌동 224,127.4002637,36.3781129,대전광역시,관광지
474,추동인공생태습지,대전광역시 동구 추동 산31-9,127.4680067,36.3716478,대전광역시,관광지
475,대전시민천문대,대전광역시 유성구 신성동 7-13,127.3536931,36.3816034,대전광역시,관광지
476,무수천하마을,대전광역시 중구 무수동 302-9,127.4086625,36.2785500,대전광역시,관광지
477,대청호,충청북도 청주시 상당구 문의면 가호리 대청호,127.5049779,36.4087454,대전광역시,관광지
478,대흥동 문화예술의거리,대전광역시 중구 대흥동,127.4258338,36.3270622,대전광역시,관광지
479,국립대전숲체원,대전광역시 유성구 성북동 산1-13,127.2912029,36.3243355,대전광역시,관광지
480,금강로하스대청공원,대전광역시 대덕구 미호동 57,127.4743432,36.4729995,대전광역시,관광지
481,대전 계족산성,대전광역시 동구 효평동,127.4548798,36.3947339,대전광역시,관광지
482,구봉산(대전),대전광역시 서구 괴곡동,127.3334608,36.2850067,대전광역시,관광지
483,만인산푸른학습원,대전광역시 동구 하소동 460-2,127.4547659,36.2022563,대전광역시,관광지
484,유림공원,대전광역시 유성구 봉명동 2-1,127.3570635,36.3601462,대전광역시,관광지
485,장태산자연휴양림,대전광역시 서구 장안동 산67,127.3406230,36.2178029,대전광역시,관광지
486,남간정사,대전광역시 동구 가양동,127.4567090,36.3475750,대전광역시,관광지
487,국가핵융합연구소,대전광역시 유성구 어은동 52-9,127.3521383,36.3727340,대전광역시,관광지
488,티놀자 애니멀 파크,대전광역시 유성구 화암동 195,127.3751348,36.4158589,대전광역시,관광지
489,대전교통문화연수원,대전광역시 유성구 도룡동 3-1,127.3869195,36.3779990,대전광역시,관광지
490,진잠향교,대전광역시 유성구 교촌동 630-1,127.3155380,36.3038080,대전광역시,관광지
491,둔산선사유적지,대전광역시 서구 월평동,127.3783898,36.3605888,대전광역시,관광지
492,대청댐 물문화관,대전광역시 대덕구 미호동 1-5,127.4816258,36.4744446,대전광역시,관광지
493,내원사(대전),대전광역시 서구 도마동 424-1,127.3602302,36.3225309,대전광역시,관광지
494,사교루,대전광역시 유성구 도룡동 378,127.3806492,36.3859727,대전광역시,관광지
495,대청호자연생태관,대전광역시 동구 추동 454-3,127.4708359,36.3733171,대전광역시,관광지
496,대전 회덕 동춘당,대전광역시 대덕구 송촌동 192,127.4414532,36.3649837,대전광역시,관광지
497,단재 신채호선생생가지,대전광역시 중구 어남동 246-9,127.4098956,36.2321131,대전광역시,관광지
498,인쇄거리,광주광역시 동구 남동,126.9188898,35.1444835,대전광역시,관광지
499,도산서원,경상북도 안동시 도산면 토계리,128.8420312,36.7270735,대전광역시,관광지
500,문충사,대전광역시 동구 용운동,127.4598750,36.3243170,대전광역시,관광지
501,자광사(대전),대전광역시 유성구 학하동 777-6,127.3122315,36.3379586,대전광역시,관광지
502,초연물외암각,대전광역시 대덕구 비래동,127.4505937,36.3727282,대전광역시,관광지
503,백골산성,대전광역시 동구 신하동,127.5056244,36.3689923,대전광역시,관광지
504,유회당사당,대전광역시 중구 무수동 94,127.4079632,36.2789208,대전광역시,관광지
505,세천공원,대전광역시 동구 세천동 358,127.4819625,36.3270583,대전광역시,관광지
506,김정선생묘소일원,대전광역시 동구 신하동,127.4992277,36.3578773,대전광역시,관광지
507,박팽년선생유허비,대전광역시 동구 가양동,127.4527125,36.3478154,대전광역시,관광지
508,회덕향교 대성전,대전광역시 대덕구 읍내동,127.4214665,36.3843510,대전광역시,관광지
509,안동권씨유회당종가일원,대전광역시 중구 무수동,127.4050180,36.2778798,대전광역시,관광지
510,대청호 추동습지,대전광역시 동구 추동,127.4754455,36.3755599,대전광역시,관광지
511,우암사적공원,대전광역시 동구 가양동 65,127.4582006,36.3477029,대전광역시,역사
512,대전 계족산성,대전광역시 동구 효평동,127.4548798,36.3947339,대전광역시,역사
513,남간정사,대전광역시 동구 가양동,127.4567090,36.3475750,대전광역시,역사
514,진잠향교,대전광역시 유성구 교촌동 630-1,127.3155380,36.3038080,대전광역시,역사
515,둔산선사유적지,대전광역시 서구 월평동,127.3783898,36.3605888,대전광역시,역사
516,내원사(대전),대전광역시 서구 도마동 424-1,127.3602302,36.3225309,대전광역시,역사
517,사교루,대전광역시 유성구 도룡동 378,127.3806492,36.3859727,대전광역시,역사
518,대전 회덕 동춘당,대전광역시 대덕구 송촌동 192,127.4414532,36.3649837,대전광역시,역사
519,단재 신채호선생생가지,대전광역시 중구 어남동 246-9,127.4098956,36.2321131,대전광역시,역사
520,도산서원,경상북도 안동시 도산면 토계리,128.8420312,36.7270735,대전광역시,역사
521,문충사,대전광역시 동구 용운동,127.4598750,36.3243170,대전광역시,역사
522,자광사(대전),대전광역시 유성구 학하동 777-6,127.3122315,36.3379586,대전광역시,역사
523,초연물외암각,대전광역시 대덕구 비래동,127.4505937,36.3727282,대전광역시,역사
524,유회당사당,대전광역시 중구 무수동 94,127.4079632,36.2789208,대전광역시,역사
525,김정선생묘소일원,대전광역시 동구 신하동,127.4992277,36.3578773,대전광역시,역사
526,박팽년선생유허비,대전광역시 동구 가양동,127.4527125,36.3478154,대전광역시,역사
527,회덕향교 대성전,대전광역시 대덕구 읍내동,127.4214665,36.3843510,대전광역시,역사
528,안동권씨유회당종가일원,대전광역시 중구 무수동,127.4050180,36.2778798,대전광역시,역사
529,사우당,대전광역시 동구 이사동 155-1,127.4436446,36.2804378,대전광역시,역사
530,수운교도솔천,대전광역시 유성구 추목동,127.3420207,36.4210725,대전광역시,역사
531,옥류각,대전광역시 대덕구 비래동,127.4510085,36.3727952,대전광역시,역사
532,삼매당,대전광역시 동구 가양동,127.4561052,36.3460046,대전광역시,역사
533,취백정,대전광역시 대덕구 미호동,127.4714371,36.4680149,대전광역시,역사
534,옥오재,대전광역시 대덕구 읍내동,127.4272631,36.3779364,대전광역시,역사
535,쌍청당,대전광역시 대덕구 중리동,127.4340981,36.3650044,대전광역시,역사
536,창계숭절사,대전광역시 중구 안영동 567-7,127.3722237,36.2844547,대전광역시,역사
537,용화사(대전),대전광역시 대덕구 읍내동 산1-1,127.4364925,36.3812793,대전광역시,역사
538,장판각,경상북도 안동시 도산면 서부리,128.8104000,36.7029513,대전광역시,역사
539,숭현서원지,대전광역시 유성구 원촌동 산35-1,127.4043606,36.3796121,대전광역시,역사
540,봉소루,대전광역시 중구 석교동,127.4410370,36.3091830,대전광역시,역사
541,제월당,충청북도 청주시 청원구 율량동 2222,127.4997818,36.6642602,대전광역시,역사
542,이시직공정려각,대전광역시 대덕구 송촌동,127.4395318,36.3618644,대전광역시,역사
543,회덕향교,대전광역시 대덕구 읍내동,127.4214927,36.3841544,대전광역시,역사
544,송애당,대전광역시 대덕구 중리동,127.4328675,36.3646022,대전광역시,역사
545,복전암,대전광역시 중구 석교동 207-7,127.4338000,36.3069170,대전광역시,역사
546,심광사(대전),대전광역시 동구 천동 106-1,127.4422761,36.3141177,대전광역시,역사
547,장태산자연휴양림,대전광역시 서구 장안동 산67,127.3406230,36.2178029,대전광역시,자연
548,상소동 산림욕장,대전광역시 동구 상소동 산1-1,127.4717919,36.2341746,대전광역시,자연
549,장동산림욕장,대전광역시 대덕구 장동 59,127.4428168,36.4050302,대전광역시,자연
550,한밭수목원,대전광역시 서구 만년동 396,127.3879822,36.3688239,대전광역시,자연
551,만인산 자연휴양림,대전광역시 동구 하소동 산47,127.4478800,36.1982530,대전광역시,자연
552,추동인공생태습지,대전광역시 동구 추동 산31-9,127.4680067,36.3716478,대전광역시,자연
553,대전시민천문대,대전광역시 유성구 신성동 7-13,127.3536931,36.3816034,대전광역시,자연
554,대청호,충청북도 청주시 상당구 문의면 가호리 대청호,127.5049779,36.4087454,대전광역시,자연
555,구봉산(대전),대전광역시 서구 괴곡동,127.3334608,36.2850067,대전광역시,자연
556,만인산푸른학습원,대전광역시 동구 하소동 460-2,127.4547659,36.2022563,대전광역시,자연
557,갑천,경기도 평택시 지산동 216-1,127.0873930,37.0758680,대전광역시,자연
558,스카이로드,대전광역시 중구 은행동,127.4280310,36.3287849,대전광역시,체험
559,발명교육센터 창의발명체험관,대전광역시 유성구 가정동 33,127.3657723,36.3771082,대전광역시,체험
560,솔로몬 로파크,대전광역시 유성구 원촌동 224,127.4002637,36.3781129,대전광역시,체험
561,무수천하마을,대전광역시 중구 무수동 302-9,127.4086625,36.2785500,대전광역시,체험
562,대전교통문화연수원,대전광역시 유성구 도룡동 3-1,127.3869195,36.3779990,대전광역시,체험
563,인쇄거리,광주광역시 동구 남동,126.9188898,35.1444835,대전광역시,체험
564,찬샘마을,대전광역시 동구 직동 676,127.4798375,36.4172513,대전광역시,체험
565,계족산 황톳길,대전광역시 대덕구 장동 산91,127.4514722,36.3928268,대전광역시,체험
566,계룡산 수통골,대전광역시 유성구 덕명동,127.2754263,36.3378015,대전광역시,체험
567,대청호 로하스 캠핑장,대전광역시 대덕구 미호동 476-2,127.4748303,36.4564511,대전광역시,체험
568,유성컨트리클럽,대전광역시 유성구 덕명동 215-7,127.2955950,36.3560750,대전광역시,체험
569,대전월드컵경기장,대전광역시 유성구 노은동 270,127.3250988,36.3651507,대전광역시,체험
570,추목수영장,대전광역시 유성구 신봉동 239,127.3396810,36.4136503,대전광역시,체험
571,한밭종합운동장,대전광역시 중구 부사동 209-1 한밭종합운동장,127.4315183,36.3162296,대전광역시,체험
572,유성호텔 실내수영장,대전광역시 유성구 봉명동 443-9,127.3385903,36.3563692,대전광역시,체험
573,복용승마장,대전광역시 유성구 덕명동 산10-11,127.3072594,36.3502662,대전광역시,체험
574,대전근로자종합복지회관,대전광역시 대덕구 대화동 3-3,127.4190858,36.3682408,대전광역시,체험
575,대덕연구단지 컨트리클럽,대전광역시 유성구 전민동 산11-2,127.3908175,36.4056619,대전광역시,체험
576,동구청소년자연수련관,대전광역시 동구 상소동 375-1,127.4500091,36.2233683,대전광역시,체험
577,대구 달성공원,대구광역시 중구 달성동 294-3,128.5781879,35.8740400,대구광역시,관광지
578,수성못 유원지,대구광역시 수성구 두산동 512,128.6179418,35.8292195,대구광역시,관광지
579,국채보상운동기념공원,대구광역시 중구 동인동2가 78,128.6027500,35.8690071,대구광역시,관광지
580,경상감영공원,대구광역시 중구 포정동 21,128.5922290,35.8721760,대구광역시,관광지
581,대구수목원,대구광역시 달서구 대곡동 284,128.5236654,35.7989547,대구광역시,관광지
582,용연사(대구),대구광역시 달성군 옥포읍 반송리 67,128.5008318,35.7560506,대구광역시,관광지
583,옥연지 송해공원,대구광역시 달성군 옥포읍 기세리 306,128.4808667,35.7799075,대구광역시,관광지
584,김광석 길 (김광석다시그리기길),대구광역시 중구 대봉동 6-11,128.6068869,35.8603273,대구광역시,관광지
585,이월드,대구광역시 달서구 두류동 산302-11,128.5657320,35.8529009,대구광역시,관광지
586,안지랑 곱창골목,대구광역시 남구 대명동 829-2,128.5749193,35.8374293,대구광역시,관광지
587,도동서원 [유네스코 세계문화유산],대구광역시 달성군 구지면 도동리 35,128.3716849,35.7007972,대구광역시,관광지
588,대구앞산공원,대구광역시 남구 대명9동 산227-1,128.5871391,35.8266379,대구광역시,관광지
589,사문진 주막촌,대구광역시 달성군 화원읍 성산리 274,128.4779643,35.8112631,대구광역시,관광지
590,아양기찻길,대구광역시 동구 지저동,128.6384274,35.8903281,대구광역시,관광지
591,팔공산 케이블카,대구광역시 동구 용수동 산72,128.6945307,35.9954429,대구광역시,관광지
592,동촌유원지,대구광역시 동구 효목동 산234-28,128.6506579,35.8825693,대구광역시,관광지
593,북지장사(대구),대구광역시 동구 도학동,128.7098125,35.9685583,대구광역시,관광지
594,부인사(대구),대구광역시 동구 신무동 356-1,128.6734495,35.9947087,대구광역시,관광지
595,바운스 트램폴린파크(대구신세계점),대구광역시 동구 신암동 294-4,128.6331898,35.8796770,대구광역시,관광지
596,동화사(대구),대구광역시 동구 도학동 35,128.7041980,35.9930635,대구광역시,관광지
597,대구 옻골마을,대구광역시 동구 둔산동,128.6867343,35.9063535,대구광역시,관광지
598,서봉사,대구광역시 남구 이천동 438-7,128.5974250,35.8545070,대구광역시,관광지
599,마비정 벽화마을,대구광역시 달성군 화원읍 본리리 1399,128.5416615,35.7786885,대구광역시,관광지
600,대구 불로동 고분군,대구광역시 동구 불로동 335,128.6447875,35.9153987,대구광역시,관광지
601,대견사,대구광역시 달성군 유가읍 용리 산1-2,128.5296644,35.6962975,대구광역시,관광지
602,육신사,대구광역시 달성군 하빈면 묘리 640,128.4162250,35.9116150,대구광역시,관광지
603,이월드 83타워,대구광역시 달서구 두류동,128.5662632,35.8534294,대구광역시,관광지
604,EBS 리틀소시움,대구광역시 북구 산격동 1676 엑스코 지하 1층,128.6128162,35.9078453,대구광역시,관광지
605,대구 평화시장 닭똥집 골목,대구광역시 동구 신암동,128.6190072,35.8825361,대구광역시,관광지
606,대구 계산동성당,대구광역시 중구 계산동2가 71-1,128.5878604,35.8679331,대구광역시,관광지
607,대구시민안전테마파크,대구광역시 동구 용수동 89-13,128.6919682,35.9891621,대구광역시,관광지
608,대구 오토바이골목,대구광역시 중구 인교동,128.5838975,35.8720754,대구광역시,관광지
609,대구숲,대구광역시 달성군 가창면 용계리 534-1,128.6266283,35.7946937,대구광역시,관광지
610,대구 스파밸리,대구광역시 달성군 가창면 냉천리 27-9,128.6353130,35.7881169,대구광역시,관광지
611,대구두류공원,대구광역시 달서구 두류3동 588-3,128.5591130,35.8489740,대구광역시,관광지
612,이상화 고택,대구광역시 중구 계산동2가,128.5880033,35.8672425,대구광역시,관광지
613,안일사(대구),대구광역시 남구 대명6동 산226,128.5728364,35.8292488,대구광역시,관광지
614,성화사,대구광역시 달서구 성당동 521,128.5554825,35.8438172,대구광역시,관광지
615,땅땅랜드(대구 봉무동),대구광역시 동구 봉무동 1570-1,128.6416742,35.9175206,대구광역시,관광지
616,신숭겸장군유적,대구광역시 동구 지묘동 526,128.6415393,35.9425407,대구광역시,관광지
617,디아크문화관,대구광역시 달성군 다사읍 죽곡리 806,128.4681932,35.8388272,대구광역시,관광지
618,대구 하중도,대구광역시 북구 노곡동 665,128.5596194,35.9005542,대구광역시,관광지
619,고산골,경기도 용인시 처인구 이동읍 천리,127.2024698,37.1979647,대구광역시,관광지
620,대구 진골목,대구광역시 중구 남일동 132,128.5926427,35.8685130,대구광역시,관광지
621,대구 약령시 한의약박물관,대구광역시 중구 남성로 51-1,128.5899063,35.8683970,대구광역시,관광지
622,인동촌 아나고골목,대구광역시 서구 비산동,128.5776926,35.8768058,대구광역시,관광지
623,비슬산자연휴양림,대구광역시 달성군 유가읍 용리 산10,128.5158070,35.6896219,대구광역시,관광지
624,녹동서원,대구광역시 달성군 가창면 우록리 585,128.6463125,35.7231928,대구광역시,관광지
625,대구 달성습지,대구광역시 달성군 화원읍 구라리 862,128.4870559,35.8166837,대구광역시,관광지
626,달성습지생태학습관,대구광역시 달성군 화원읍 구라리 862,128.4870559,35.8166837,대구광역시,관광지
627,팔공산온천관광호텔(온천),대구광역시 동구 용수동 89-16,128.6921371,35.9909870,대구광역시,관광지
628,금용사(대구),대구광역시 달서구 성당동 산198-10,128.5605750,35.8476900,대구광역시,관광지
629,국채보상운동기념공원,대구광역시 중구 동인동2가 78,128.6027500,35.8690071,대구광역시,역사
630,용연사(대구),대구광역시 달성군 옥포읍 반송리 67,128.5008318,35.7560506,대구광역시,역사
631,도동서원 [유네스코 세계문화유산],대구광역시 달성군 구지면 도동리 35,128.3716849,35.7007972,대구광역시,역사
632,북지장사(대구),대구광역시 동구 도학동,128.7098125,35.9685583,대구광역시,역사
633,부인사(대구),대구광역시 동구 신무동 356-1,128.6734495,35.9947087,대구광역시,역사
634,동화사(대구),대구광역시 동구 도학동 35,128.7041980,35.9930635,대구광역시,역사
635,대구 옻골마을,대구광역시 동구 둔산동,128.6867343,35.9063535,대구광역시,역사
636,서봉사,대구광역시 남구 이천동 438-7,128.5974250,35.8545070,대구광역시,역사
637,대구 불로동 고분군,대구광역시 동구 불로동 335,128.6447875,35.9153987,대구광역시,역사
638,대견사,대구광역시 달성군 유가읍 용리 산1-2,128.5296644,35.6962975,대구광역시,역사
639,육신사,대구광역시 달성군 하빈면 묘리 640,128.4162250,35.9116150,대구광역시,역사
640,대구 계산동성당,대구광역시 중구 계산동2가 71-1,128.5878604,35.8679331,대구광역시,역사
641,이상화 고택,대구광역시 중구 계산동2가,128.5880033,35.8672425,대구광역시,역사
642,안일사(대구),대구광역시 남구 대명6동 산226,128.5728364,35.8292488,대구광역시,역사
643,성화사,대구광역시 달서구 성당동 521,128.5554825,35.8438172,대구광역시,역사
644,신숭겸장군유적,대구광역시 동구 지묘동 526,128.6415393,35.9425407,대구광역시,역사
645,녹동서원,대구광역시 달성군 가창면 우록리 585,128.6463125,35.7231928,대구광역시,역사
646,금용사(대구),대구광역시 달서구 성당동 산198-10,128.5605750,35.8476900,대구광역시,역사
647,달성하목정,대구광역시 달성군 하빈면 하산리,128.3975929,35.8817931,대구광역시,역사
648,용문사(대구),대구광역시 달성군 화원읍 본리리 1137-1,128.5392309,35.7689049,대구광역시,역사
649,관음사(대구),대구광역시 동구 능성동 산1-4,128.7324017,35.9765284,대구광역시,역사
650,서상돈 고택,대구광역시 중구 계산동2가,128.5880033,35.8672425,대구광역시,역사
651,대구향교,대구광역시 중구 남산동 943-16,128.5965805,35.8595948,대구광역시,역사
652,낙빈서원,대구광역시 달성군 하빈면 묘리,128.4124305,35.9079719,대구광역시,역사
653,달성 삼가헌 고택,대구광역시 달성군 하빈면 묘리,128.4126534,35.9068800,대구광역시,역사
654,모명재,대구광역시 수성구 만촌동 716,128.6514630,35.8583990,대구광역시,역사
655,남평문씨본리세거지,대구광역시 달성군 화원읍 본리리 401-2,128.5181642,35.7928331,대구광역시,역사
656,파계사,대구광역시 동구 중대동 7,128.6410329,36.0011454,대구광역시,역사
657,운흥사(대구),대구광역시 달성군 가창면 오리 151,128.6033011,35.7803427,대구광역시,역사
658,영남제일관,대구광역시 수성구 만촌동,128.6582069,35.8754432,대구광역시,역사
659,인흥마을,대구광역시 달성군 화원읍 본리리 401-2,128.5181642,35.7928331,대구광역시,역사
660,홍의장군 곽망우당 묘소,대구광역시 달성군 구지면 대암리,128.4047875,35.6292321,대구광역시,역사
661,소재사(대구),대구광역시 달성군 유가읍 용리,128.5106389,35.6914667,대구광역시,역사
662,대구제일교회,대구광역시 중구 동산동 234,128.5855576,35.8676642,대구광역시,역사
663,대구 구 동촌역사,대구광역시 동구 입석동 893-9,128.6498299,35.8901514,대구광역시,역사
664,현풍석빙고(상리석빙고),대구광역시 달성군 현풍읍 638,128.4516130,35.6974759,대구광역시,역사
665,낙동서원,대구광역시 달서구 상인동 880,128.5455000,35.8197250,대구광역시,역사
666,대성사(대구),대구광역시 남구 대명동 산227-5,128.5883560,35.8264573,대구광역시,역사
667,비슬산 유가사,대구광역시 달성군 유가읍 양리 144,128.5074878,35.7128856,대구광역시,역사
668,병암서원,경상남도 창원시 진해구 풍호동 758-1,128.7021932,35.1428259,대구광역시,역사
669,능성세가,대구광역시 북구 서변동,128.5935945,35.9213622,대구광역시,역사
670,백련사(대구),대구광역시 동구 신암동 220-13 1층 백련사,128.6228248,35.8823073,대구광역시,역사
671,은적사(대구),대구광역시 남구 봉덕동 1572,128.5896008,35.8236871,대구광역시,역사
672,화장사(대구),대구광역시 달성군 화원읍 천내리 516-2,128.5021652,35.8029130,대구광역시,역사
673,관암사(대구),대구광역시 동구 능성동 산1-3,128.7350795,35.9786934,대구광역시,역사
674,환성정,대구광역시 북구 서변동,128.5932750,35.9251346,대구광역시,역사
675,선교사블레어주택,대구광역시 중구 동산동,128.5857258,35.8668582,대구광역시,역사
676,용강서원,경기도 고양시 일산동구 성석동 1382,126.7815039,37.7101813,대구광역시,역사
677,묘골마을,대구광역시 달성군 하빈면 묘리 758-1,128.4155500,35.9089650,대구광역시,역사
678,팔거산성,대구광역시 북구 노곡동 산1-1,128.5688077,35.9250405,대구광역시,역사
679,예연서원,대구광역시 달성군 유가읍 가태리 539,128.4700256,35.6557245,대구광역시,역사
680,송계당,경상남도 밀양시 단장면 단장리 2-4,128.8605625,35.5154500,대구광역시,역사
681,구암서원,대구광역시 북구 산격동 산79-1,128.5990320,35.8988261,대구광역시,역사
682,백원서원,대구광역시 동구 도동 739-7,128.6628989,35.9206806,대구광역시,역사
683,한천서원,대구광역시 달성군 가창면 행정리 870,128.6543639,35.7801189,대구광역시,역사
684,매양서원,대구광역시 북구 매천동,128.5379138,35.9152333,대구광역시,역사
685,대구수목원,대구광역시 달서구 대곡동 284,128.5236654,35.7989547,대구광역시,자연
686,팔공산 케이블카,대구광역시 동구 용수동 산72,128.6945307,35.9954429,대구광역시,자연
687,대구 하중도,대구광역시 북구 노곡동 665,128.5596194,35.9005542,대구광역시,자연
688,고산골,경기도 용인시 처인구 이동읍 천리,127.2024698,37.1979647,대구광역시,자연
689,비슬산자연휴양림,대구광역시 달성군 유가읍 용리 산10,128.5158070,35.6896219,대구광역시,자연
690,대구 달성습지,대구광역시 달성군 화원읍 구라리 862,128.4870559,35.8166837,대구광역시,자연
691,대구 도동 측백나무 숲,대구광역시 동구 도동 산180,128.6634985,35.9177466,대구광역시,자연
692,와룡산(대구),대구광역시 달성군 다사읍 서재리,128.5047916,35.8800927,대구광역시,자연
693,운암지 수변공원,대구광역시 북구 구암동 349,128.5684448,35.9321152,대구광역시,자연
694,비슬산 군립공원,대구광역시 달성군 유가읍 양리 산1,128.5232441,35.7156113,대구광역시,자연
695,단산 저수지,제주특별자치도 서귀포시 대정읍 인성리 392,126.2763346,33.2465562,대구광역시,자연
696,최정산,대구광역시 달성군 가창면,128.6006365,35.7626933,대구광역시,자연
697,김광석 길 (김광석다시그리기길),대구광역시 중구 대봉동 6-11,128.6068869,35.8603273,대구광역시,체험
698,안지랑 곱창골목,대구광역시 남구 대명동 829-2,128.5749193,35.8374293,대구광역시,체험
699,바운스 트램폴린파크(대구신세계점),대구광역시 동구 신암동 294-4,128.6331898,35.8796770,대구광역시,체험
700,EBS 리틀소시움,대구광역시 북구 산격동 1676 엑스코 지하 1층,128.6128162,35.9078453,대구광역시,체험
701,대구 평화시장 닭똥집 골목,대구광역시 동구 신암동,128.6190072,35.8825361,대구광역시,체험
702,대구시민안전테마파크,대구광역시 동구 용수동 89-13,128.6919682,35.9891621,대구광역시,체험
703,대구 오토바이골목,대구광역시 중구 인교동,128.5838975,35.8720754,대구광역시,체험
704,대구 진골목,대구광역시 중구 남일동 132,128.5926427,35.8685130,대구광역시,체험
705,인동촌 아나고골목,대구광역시 서구 비산동,128.5776926,35.8768058,대구광역시,체험
706,이천동 99계단 벽화마을,대구광역시 남구 이천동 442-3 일대,128.5969994,35.8533834,대구광역시,체험
707,공룡공원,경기도 안산시 단원구 신길동,126.7795185,37.3365513,대구광역시,체험
708,들안길먹거리타운,대구광역시 수성구 상동,128.6163215,35.8389983,대구광역시,체험
709,봉산문화거리,대구광역시 중구 봉산동,128.5978736,35.8622583,대구광역시,체험
710,수성구 관광정보체험센터,대구광역시 수성구 대흥동 504,128.6875736,35.8315323,대구광역시,체험
711,반고개 무침회 골목,대구광역시 서구 내당동 884-11,128.5705110,35.8627149,대구광역시,체험
712,옹기종기행복마을,대구광역시 동구 입석동 932-15,128.6476171,35.8917888,대구광역시,체험
713,관덕정,제주특별자치도 제주시 삼도이동 983-1,126.5214490,33.5133713,대구광역시,체험
714,동인찜갈비골목,대구광역시 중구 동인동1가,128.6050133,35.8708908,대구광역시,체험
715,중리동 곱창골목,대구광역시 서구 중리동,128.5440480,35.8624405,대구광역시,체험
716,구암팜스테이마을,대구광역시 동구 미대동 555-1,128.6767917,35.9527358,대구광역시,체험
717,대명공연문화거리,대구광역시 남구 대명동,128.5825514,35.8552371,대구광역시,체험
718,박물관 수,대구광역시 수성구 범어2동 136-8,128.6342174,35.8648322,대구광역시,체험
719,큰장길 침구류 명물거리,대구광역시 중구 대신동 1602,128.5741515,35.8651046,대구광역시,체험
720,해안팜스테이,대구광역시 동구 둔산동 800-2,128.6730030,35.9091913,대구광역시,체험
721,별빛캠프 캠핑장,경기도 오산시 내삼미동 389-1,127.0603039,37.1846548,대구광역시,체험
722,대구사격장,대구광역시 북구 금호동 40,128.5243623,35.9116578,대구광역시,체험
723,[대구올레 팔공산 4코스] 평광동 왕건길,대구광역시 동구 평광동,128.7016500,35.9337417,대구광역시,체험
724,이월드 눈썰매장,대구광역시 달서구 두류동 산302-11,128.5643090,35.8541823,대구광역시,체험
725,[대구올레 팔공산 1코스] 북지장사 가는 길,대구광역시 동구 도학동,128.7098125,35.9685583,대구광역시,체험
726,[대구올레 팔공산 3코스] 부인사 도보길,대구광역시 동구 용수동,128.6763625,35.9712500,대구광역시,체험
727,이월드 83타워 아이스링크,대구광역시 달서구 두류동 산302-11,128.5666524,35.8531274,대구광역시,체험
728,[대구올레 팔공산 6코스] 단산지 가는 길,대구광역시 동구 봉무동,128.6523010,35.9209647,대구광역시,체험
729,대구실내빙상장,대구광역시 북구 고성동3가 2,128.5861745,35.8831140,대구광역시,체험
730,달서구청소년수련관,대구광역시 달서구 상인동 1593-6,128.5594250,35.8072250,대구광역시,체험
731,[대구올레 팔공산 8코스] 수태지 계곡길,대구광역시 동구 신무동,128.6744000,35.9977889,대구광역시,체험
732,대구스타디움,대구광역시 수성구 대흥동 504,128.6901563,35.8299376,대구광역시,체험
733,[대구올레 팔공산 2코스] 한실골 가는 길,대구광역시 동구 내동,128.6449501,35.9697282,대구광역시,체험
734,DGB 대구은행파크,대구광역시 북구 고성동3가 2,128.5882585,35.8813234,대구광역시,체험
735,앞산자락길,대구광역시 달서구 송현동  산52,128.5558761,35.8220576,대구광역시,체험
736,에코어드벤쳐,대구광역시 달성군 가창면 용계리 534-1,128.6255787,35.7930196,대구광역시,체험
737,대구시민운동장,대구광역시 북구 고성동3가 2,128.5877100,35.8814320,대구광역시,체험
738,[대구올레 팔공산 7코스] 폭포골 가는 길,대구광역시 동구 도학동 산124-1,128.7029315,35.9960933,대구광역시,체험
739,학생문화센터 수영장,대구광역시 달서구 용산동 230-6,128.5294850,35.8530509,대구광역시,체험
740,대구광역시청소년수련원,대구광역시 달서구 송현동 702,128.5534500,35.8203237,대구광역시,체험
741,대덕승마장,대구광역시 달서구 송현동 694,128.5543750,35.8212499,대구광역시,체험
742,수성구민운동장,대구광역시 수성구 범어동 633-1,128.6297166,35.8497833,대구광역시,체험
743,웃는얼굴아트센터 수영장,대구광역시 달서구 장기동 722-1,128.5225083,35.8433024,대구광역시,체험
744,두류수영장(실내),대구광역시 달서구 성당동 179,128.5616250,35.8469486,대구광역시,체험
745,대구수성구청소년수련관,대구광역시 수성구 황금동 산143-1,128.6311688,35.8446574,대구광역시,체험
746,FM테마,대구광역시 중구 대봉동 44-17 대봉태왕아너스 상가 2층 B-201호,128.6039687,35.8600709,대구광역시,체험
747,팔공컨트리클럽,대구광역시 동구 도학동 산1-1,128.7215875,35.9899845,대구광역시,체험
748,광주호 호수생태원,광주광역시 북구 충효동 442-6,126.9990979,35.1844930,광주광역시,관광지
749,양림역사문화마을,광주광역시 남구 양림동,126.9151626,35.1421708,광주광역시,관광지
750,무등산국립공원,광주광역시 북구 금곡동,126.9927680,35.1256089,광주광역시,관광지
751,운천저수지,광주광역시 서구 쌍촌동,126.8548500,35.1480820,광주광역시,관광지
752,양림동 펭귄마을공예거리,광주광역시 남구 양림동 44-5,126.9164047,35.1400498,광주광역시,관광지
753,월봉서원,광주광역시 광산구 광산동 452,126.7453727,35.2359505,광주광역시,관광지
754,우일선 선교사 사택,광주광역시 남구 양림동,126.9118394,35.1383541,광주광역시,관광지
755,광주 예술의 거리,광주광역시 동구 궁동 78,126.9185953,35.1499558,광주광역시,관광지
756,청춘발산마을,광주광역시 서구 양동 440-5,126.8914723,35.1599159,광주광역시,관광지
757,증심사(광주),광주광역시 동구 학동 859-5,126.9288929,35.1310519,광주광역시,관광지
758,광주패밀리랜드,광주광역시 북구 생용동 산127-2,126.8940666,35.2235333,광주광역시,관광지
759,중외공원,광주광역시 북구 운암동 164,126.8833592,35.1798454,광주광역시,관광지
760,5·18 기념공원,광주광역시 서구 쌍촌동 1268,126.8566910,35.1550790,광주광역시,관광지
761,5.18 민주광장,광주광역시 동구 광산동 1-1,126.9201875,35.1468821,광주광역시,관광지
762,무등산 주상절리대,광주광역시 북구 금곡동 산1-1,126.9989875,35.1242820,광주광역시,관광지
763,오웬기념각,광주광역시 남구 양림동 67-1,126.9158433,35.1382921,광주광역시,관광지
764,전평제,광주광역시 서구 매월동,126.8483625,35.1152237,광주광역시,관광지
765,사직공원(광주),광주광역시 남구 사동 177,126.9115500,35.1418987,광주광역시,관광지
766,국립 5.18 민주묘지,광주광역시 북구 운정동 산35,126.9388360,35.2362248,광주광역시,관광지
767,5·18 자유공원,광주광역시 서구 치평동 1161-6,126.8404980,35.1489763,광주광역시,관광지
768,동명동 카페거리,광주광역시 동구 동명동 292,126.9242696,35.1494552,광주광역시,관광지
769,만귀정,광주광역시 서구 세하동,126.8340128,35.1209030,광주광역시,관광지
770,환벽당,광주광역시 북구 충효동,127.0031985,35.1857945,광주광역시,관광지
771,지산유원지,광주광역시 동구 지산동 산56-4,126.9474567,35.1488996,광주광역시,관광지
772,원효사,경기도 용인시 처인구 남사면 북리 648,127.1503224,37.1402183,광주광역시,관광지
773,풍암저수지 (풍암호수),광주광역시 북구 금곡동,126.9952380,35.1620650,광주광역시,관광지
774,운천사마애여래좌상,광주광역시 서구 쌍촌동,126.8543829,35.1418675,광주광역시,관광지
775,양림동 선교사 묘지,광주광역시 남구 양림동,126.9111386,35.1394797,광주광역시,관광지
776,최승효가옥,광주광역시 남구 양림동,126.9139144,35.1413587,광주광역시,관광지
777,광주 우치공원 동물원,광주광역시 북구 생용동 658,126.8885797,35.2227361,광주광역시,관광지
778,녹색에너지체험관 (광주전남지역본부),광주광역시 북구 오룡동,126.8441882,35.2266479,광주광역시,관광지
779,금남로,충청남도 서산시 동문동,126.4659943,36.7801323,광주광역시,관광지
780,쌍암공원,광주광역시 광산구 쌍암동,126.8443370,35.2235430,광주광역시,관광지
781,충장로,광주광역시 동구 충장로1가 1-9,126.9175464,35.1477391,광주광역시,관광지
782,상무시민공원,광주광역시 서구 치평동 1162,126.8412821,35.1531549,광주광역시,관광지
783,광주 송정동 떡갈비 골목,광주광역시 광산구 송정동,126.7950574,35.1388236,광주광역시,관광지
784,이장우가옥,광주광역시 남구 양림동,126.9144488,35.1405376,광주광역시,관광지
785,오리요리의 거리,광주광역시 북구 신안동,126.9058790,35.1614610,광주광역시,관광지
786,송정공원,부산광역시 해운대구 송정동 288-60,129.2055822,35.1799078,광주광역시,관광지
787,무양서원,광주광역시 광산구 월계동 535-1,126.8400937,35.2100699,광주광역시,관광지
788,광주공원,광주광역시 남구 구동 21-1,126.9088250,35.1469571,광주광역시,관광지
789,광주호,전라남도 담양군 고서면 광주호,126.9903375,35.1890596,광주광역시,관광지
790,용진정사,광주광역시 광산구 왕동,126.7245450,35.1991764,광주광역시,관광지
791,양송천묘역,광주광역시 광산구 동호동 산32-1,126.6859627,35.1802786,광주광역시,관광지
792,무각사,광주광역시 서구 쌍촌동 1268-1,126.8560159,35.1537812,광주광역시,관광지
793,광주 평촌마을,광주광역시 북구 충효동 162-1,127.0105428,35.1755605,광주광역시,관광지
794,금호타이어 광주공장,광주광역시 광산구 소촌동 555,126.7915515,35.1424508,광주광역시,관광지
795,신창동 선사유적지,광주광역시 광산구 신창동 512-1,126.8489885,35.1947430,광주광역시,관광지
796,영산강문화관,광주광역시 남구 승촌동 573-7,126.7613083,35.0657514,광주광역시,관광지
797,풍영정,광주광역시 광산구 신창동,126.8385139,35.1793003,광주광역시,관광지
798,광주 충효동 왕버들 군,광주광역시 북구 충효동,127.0009774,35.1848101,광주광역시,관광지
799,너릿재공원,광주광역시 동구 선교동,126.9541204,35.0804002,광주광역시,관광지
800,월계동 장고분,광주광역시 광산구 월계동 765-5,126.8420356,35.2140537,광주광역시,관광지
801,광주무역회관,광주광역시 광산구 우산동 1589-1,126.8115271,35.1606167,광주광역시,관광지
802,충장사,충청남도 당진시 대호지면 도이리,126.5297923,36.9251174,광주광역시,관광지
803,송산유원지,광주광역시 광산구 송산동 195,126.7359937,35.1603901,광주광역시,관광지
804,약사암(광주),광주광역시 동구 운림동 11,126.9722130,35.1223820,광주광역시,관광지
805,관덕정의 각궁,광주광역시 남구 사동 177,126.9100396,35.1435611,광주광역시,관광지
806,양림역사문화마을,광주광역시 남구 양림동,126.9151626,35.1421708,광주광역시,역사
807,월봉서원,광주광역시 광산구 광산동 452,126.7453727,35.2359505,광주광역시,역사
808,우일선 선교사 사택,광주광역시 남구 양림동,126.9118394,35.1383541,광주광역시,역사
809,증심사(광주),광주광역시 동구 학동 859-5,126.9288929,35.1310519,광주광역시,역사
810,5.18 민주광장,광주광역시 동구 광산동 1-1,126.9201875,35.1468821,광주광역시,역사
811,오웬기념각,광주광역시 남구 양림동 67-1,126.9158433,35.1382921,광주광역시,역사
812,국립 5.18 민주묘지,광주광역시 북구 운정동 산35,126.9388360,35.2362248,광주광역시,역사
813,만귀정,광주광역시 서구 세하동,126.8340128,35.1209030,광주광역시,역사
814,환벽당,광주광역시 북구 충효동,127.0031985,35.1857945,광주광역시,역사
815,원효사,경기도 용인시 처인구 남사면 북리 648,127.1503224,37.1402183,광주광역시,역사
816,운천사마애여래좌상,광주광역시 서구 쌍촌동,126.8543829,35.1418675,광주광역시,역사
817,양림동 선교사 묘지,광주광역시 남구 양림동,126.9111386,35.1394797,광주광역시,역사
818,최승효가옥,광주광역시 남구 양림동,126.9139144,35.1413587,광주광역시,역사
819,이장우가옥,광주광역시 남구 양림동,126.9144488,35.1405376,광주광역시,역사
820,무양서원,광주광역시 광산구 월계동 535-1,126.8400937,35.2100699,광주광역시,역사
821,광주공원,광주광역시 남구 구동 21-1,126.9088250,35.1469571,광주광역시,역사
822,용진정사,광주광역시 광산구 왕동,126.7245450,35.1991764,광주광역시,역사
823,양송천묘역,광주광역시 광산구 동호동 산32-1,126.6859627,35.1802786,광주광역시,역사
824,무각사,광주광역시 서구 쌍촌동 1268-1,126.8560159,35.1537812,광주광역시,역사
825,신창동 선사유적지,광주광역시 광산구 신창동 512-1,126.8489885,35.1947430,광주광역시,역사
826,풍영정,광주광역시 광산구 신창동,126.8385139,35.1793003,광주광역시,역사
827,월계동 장고분,광주광역시 광산구 월계동 765-5,126.8420356,35.2140537,광주광역시,역사
828,충장사,충청남도 당진시 대호지면 도이리,126.5297923,36.9251174,광주광역시,역사
829,약사암(광주),광주광역시 동구 운림동 11,126.9722130,35.1223820,광주광역시,역사
830,관덕정의 각궁,광주광역시 남구 사동 177,126.9100396,35.1435611,광주광역시,역사
831,사직단,서울특별시 종로구 사직동 1-28,126.9674018,37.5759864,광주광역시,역사
832,포충사,광주광역시 남구 원산동 947-4,126.8474466,35.0901783,광주광역시,역사
833,삼거동 고인돌,광주광역시 광산구 삼거동,126.6727896,35.1522710,광주광역시,역사
834,광주향교,경기도 하남시 교산동 227-3,127.1983375,37.5217417,광주광역시,역사
835,김용학가옥,광주광역시 북구 매곡동 313-1,126.8882316,35.1903350,광주광역시,역사
836,원각사(광주),광주광역시 동구 금남로4가 51,126.9159000,35.1508400,광주광역시,역사
837,송호영당,광주광역시 광산구 소촌동 364-1,126.7956069,35.1498507,광주광역시,역사
838,취병조형유허비,광주광역시 광산구 비아동,126.8171624,35.2206929,광주광역시,역사
839,광주공원 사적비군,광주광역시 남구 구동 21-1,126.9093578,35.1462044,광주광역시,역사
840,학산사,광주광역시 서구 서창동,126.8393555,35.1091469,광주광역시,역사
841,충민사,전라남도 여수시 덕충동,127.7345511,34.7582811,광주광역시,역사
842,호가정,광주광역시 광산구 본덕동,126.7871505,35.0824055,광주광역시,역사
843,두암사,충청북도 단양군 단양읍 금곡리 230-2,128.4080504,36.9775510,광주광역시,역사
844,광주동오층석탑,광주광역시 동구 지산동,126.9331335,35.1488415,광주광역시,역사
845,용아생가,광주광역시 광산구 소촌동 363-1,126.7950249,35.1493319,광주광역시,역사
846,신광사(광주),광주광역시 북구 두암동 193,126.9402297,35.1690403,광주광역시,역사
847,충효동 정려비각,광주광역시 북구 충효동 440,127.0012000,35.1847679,광주광역시,역사
848,남평문씨 쌍효문,광주광역시 남구 사동 124-2,126.9132555,35.1431883,광주광역시,역사
849,오지호생가,광주광역시 동구 지산동 275,126.9386743,35.1490022,광주광역시,역사
850,화담사,서울특별시 양천구 신월동 235-5,126.8387499,37.5289394,광주광역시,역사
851,무진고성지,광주광역시 북구 두암동 산136,126.9465000,35.1645000,광주광역시,역사
852,칠송정,경상북도 칠곡군 가산면 학상리,128.4998250,36.0952987,광주광역시,역사
853,빙월당,광주광역시 광산구 광산동 452,126.7450046,35.2356405,광주광역시,역사
854,서강사,충청남도 계룡시 엄사면 엄사리 172-1,127.2428570,36.2904850,광주광역시,역사
855,두남제,광주광역시 광산구 광산동 277,126.7462769,35.2437478,광주광역시,역사
856,부용정,서울특별시 종로구 와룡동,126.9929532,37.5815613,광주광역시,역사
857,경장각,광주광역시 광산구 흑석동 206,126.8055500,35.1843930,광주광역시,역사
858,고원희가옥,광주광역시 남구 압촌동,126.8392894,35.0923687,광주광역시,역사
859,유애서원,광주광역시 광산구 흑석동 206,126.8055500,35.1843930,광주광역시,역사
860,병천사,광주광역시 서구 금호동 458,126.8565116,35.1375566,광주광역시,역사
861,금곡동 제철유적,광주광역시 북구 금곡동,126.9931695,35.1397164,광주광역시,역사
862,광주호 호수생태원,광주광역시 북구 충효동 442-6,126.9990979,35.1844930,광주광역시,자연
863,무등산국립공원,광주광역시 북구 금곡동,126.9927680,35.1256089,광주광역시,자연
864,운천저수지,광주광역시 서구 쌍촌동,126.8548500,35.1480820,광주광역시,자연
865,무등산 주상절리대,광주광역시 북구 금곡동 산1-1,126.9989875,35.1242820,광주광역시,자연
866,전평제,광주광역시 서구 매월동,126.8483625,35.1152237,광주광역시,자연
867,풍암저수지 (풍암호수),광주광역시 북구 금곡동,126.9952380,35.1620650,광주광역시,자연
868,광주호,전라남도 담양군 고서면 광주호,126.9903375,35.1890596,광주광역시,자연
869,왕동저수지,광주광역시 광산구 왕동,126.7137130,35.1951010,광주광역시,자연
870,광주 예술의 거리,광주광역시 동구 궁동 78,126.9185953,35.1499558,광주광역시,체험
871,청춘발산마을,광주광역시 서구 양동 440-5,126.8914723,35.1599159,광주광역시,체험
872,금남로,충청남도 서산시 동문동,126.4659943,36.7801323,광주광역시,체험
873,충장로,광주광역시 동구 충장로1가 1-9,126.9175464,35.1477391,광주광역시,체험
874,오리요리의 거리,광주광역시 북구 신안동,126.9058790,35.1614610,광주광역시,체험
875,광주 평촌마을,광주광역시 북구 충효동 162-1,127.0105428,35.1755605,광주광역시,체험
876,무등산수박마을,광주광역시 북구 금곡동 272-1,127.0010592,35.1670432,광주광역시,체험
877,시민의 숲 야영장,광주광역시 북구 월출동 968,126.8683955,35.2368901,광주광역시,체험
878,[무등산 옛길 2구간] 원효사~서석대,광주광역시 북구 금곡동,126.9929582,35.1401195,광주광역시,체험
879,광주패밀리랜드 눈썰매장,광주광역시 북구 생용동 산127-2,126.8943931,35.2219522,광주광역시,체험
880,광주-기아 챔피언스 필드,광주광역시 북구 임동 316 광주기아챔피언스필드,126.8891068,35.1682116,광주광역시,체험
881,광주월드컵경기장,광주광역시 서구 풍암동 423-2,126.8748916,35.1337232,광주광역시,체험
882,패밀리랜드 카라반 캠핑장,광주광역시 북구 생용동 산127-2,126.8965077,35.2261187,광주광역시,체험
883,광주실내빙상장,광주광역시 서구 풍암동 423-2,126.8806686,35.1339407,광주광역시,체험
884,광주광역시청소년수련원,광주광역시 서구 화정동 504-8,126.8675250,35.1419650,광주광역시,체험
885,광주실내수영장,광주광역시 광산구 월계동 864-5,126.8391986,35.2057596,광주광역시,체험
886,광주북구청소년수련관,광주광역시 북구 문흥동 1009-1,126.9167250,35.1849759,광주광역시,체험
887,오륙도 스카이워크,부산광역시 남구 용호동 산197-4,129.1245122,35.1005925,부산광역시,관광지
888,아홉산숲,부산광역시 기장군 철마면 웅천리 480,129.1715404,35.2870784,부산광역시,관광지
889,해동 용궁사(부산),부산광역시 기장군 기장읍 시랑리,129.2230614,35.1896018,부산광역시,관광지
890,부산 감천문화마을,부산광역시 사하구 감천동 1-14,129.0104393,35.0986415,부산광역시,관광지
891,삼락생태공원,부산광역시 사상구 삼락동 29-46,128.9736608,35.1690453,부산광역시,관광지
892,해운대 달맞이길,부산광역시 해운대구 우동,129.1583542,35.1581445,부산광역시,관광지
893,장림포구,부산광역시 사하구 장림동 1092,128.9563845,35.0806264,부산광역시,관광지
894,부산 송도해상케이블카,부산광역시 서구 암남동 124-1,129.0236571,35.0764859,부산광역시,관광지
895,절영해안산책로,부산광역시 영도구 동삼동,129.0644383,35.0690336,부산광역시,관광지
896,해운대해수욕장,부산광역시 해운대구 우동,129.1583542,35.1581445,부산광역시,관광지
897,부산 영화의 전당,부산광역시 해운대구 우동 1467,129.1269361,35.1708347,부산광역시,관광지
898,황령산,부산광역시 연제구 연산5동,129.0834547,35.1586154,부산광역시,관광지
899,더베이101,부산광역시 해운대구 우동 747-7,129.1520678,35.1565870,부산광역시,관광지
900,부산 치유의 숲,부산광역시 기장군 철마면 장전리 산180-2,129.1295583,35.2694671,부산광역시,관광지
901,BIFF 광장,부산광역시 중구 남포동3가 1-3,129.0280528,35.0989623,부산광역시,관광지
902,다대포 꿈의 낙조분수,부산광역시 사하구 다대동 482-3,128.9673136,35.0471443,부산광역시,관광지
903,부산 암남공원,부산광역시 서구 암남동 산193,129.0162417,35.0599107,부산광역시,관광지
904,다대포해수욕장,부산광역시 사하구 다대동,128.9632342,35.0471272,부산광역시,관광지
905,40계단 문화관광테마거리,부산광역시 중구 중앙동4가,129.0350195,35.1039763,부산광역시,관광지
906,용두산공원,부산광역시 중구 광복동2가 1-2,129.0326940,35.1008009,부산광역시,관광지
907,해운대 동백섬,부산광역시 해운대구 우동 710-1,129.1521850,35.1539200,부산광역시,관광지
908,신세계 센텀시티,부산광역시 해운대구 우동 1495,129.1296831,35.1688079,부산광역시,관광지
909,대저생태공원,부산광역시 강서구 대저1동 2314-11,128.9821461,35.2040962,부산광역시,관광지
910,스파랜드 센텀시티,부산광역시 해운대구 우동 1495,129.1290770,35.1686368,부산광역시,관광지
911,화명생태공원,부산광역시 북구 화명동 1718-17,129.0041500,35.2310095,부산광역시,관광지
912,청사포,부산광역시 해운대구 중1동,129.1924116,35.1604130,부산광역시,관광지
913,아미르공원,부산광역시 영도구 동삼동 1165,129.0774136,35.0762542,부산광역시,관광지
914,부산광안대교,부산광역시 수영구 민락동,129.1282041,35.1454800,부산광역시,관광지
915,삼진어묵체험·역사관,부산광역시 영도구 봉래동2가 39-1,129.0428302,35.0930605,부산광역시,관광지
916,닥터 아난티 의원,부산광역시 기장군 기장읍 시랑리 704-1,129.2284145,35.1980264,부산광역시,관광지
917,광안리해수욕장,부산광역시 수영구 민락동 192-20,129.1201409,35.1541210,부산광역시,관광지
918,부산 송도해수욕장,부산광역시 서구 암남동,129.0175547,35.0759052,부산광역시,관광지
919,마린시티,부산광역시 수영구 수영동 481-2,129.1162411,35.1721633,부산광역시,관광지
920,영도 등대,부산광역시 영도구 동삼동 1054,129.0921548,35.0522964,부산광역시,관광지
921,광안리해변 테마거리,부산광역시 수영구 민락동,129.1218477,35.1552421,부산광역시,관광지
922,동래온천 노천족탕,부산광역시 동래구 온천동 135-5,129.0814296,35.2200382,부산광역시,관광지
923,동백공원,부산광역시 해운대구 우동,129.1522446,35.1540250,부산광역시,관광지
924,일광해수욕장,부산광역시 기장군 일광면 삼성리,129.2341048,35.2595869,부산광역시,관광지
925,국제시장 먹자골목,부산광역시 중구 남포동5가,129.0286387,35.0987294,부산광역시,관광지
926,허심청,부산광역시 동래구 온천동 137,129.0826866,35.2211496,부산광역시,관광지
927,부산영화촬영스튜디오,부산광역시 해운대구 우동 1393,129.1382149,35.1627110,부산광역시,관광지
928,회동수원지,부산광역시 금정구 회동동,129.1207802,35.2318133,부산광역시,관광지
929,금강공원,부산광역시 동래구 온천동 산133,129.0703330,35.2221440,부산광역시,관광지
930,가덕도 등대,부산광역시 강서구 대항동 산13-2,128.8289604,34.9897761,부산광역시,관광지
931,태종대 전망대,부산광역시 영도구 동삼동 산29-1,129.0882401,35.0504319,부산광역시,관광지
932,초량 이바구길,부산광역시 동구 초량동 865-48,129.0335352,35.1181659,부산광역시,관광지
933,청사포 다릿돌전망대,부산광역시 해운대구 중동 산3-9,129.1962480,35.1642064,부산광역시,관광지
934,공수어촌체험마을,부산광역시 기장군 기장읍 시랑리 582,129.2117727,35.1834526,부산광역시,관광지
935,부산 해운대 관광 유람선(오륙도),부산광역시 해운대구 우동 1439,129.1501047,35.1570263,부산광역시,관광지
936,평화공원,부산광역시 남구 대연3동 677-1,129.1002000,35.1263083,부산광역시,관광지
937,부산영화체험박물관,부산광역시 중구 동광동3가 41-4,129.0337357,35.1016328,부산광역시,관광지
938,송정해수욕장,부산광역시 해운대구 송정동 712-2,129.1994695,35.1786405,부산광역시,관광지
939,해동 용궁사(부산),부산광역시 기장군 기장읍 시랑리,129.2230614,35.1896018,부산광역시,역사
940,범어사(부산),부산광역시 금정구 남산동 21-11,129.0924305,35.2720882,부산광역시,역사
941,금정산성,부산광역시 금정구 금성동,129.0519011,35.2559019,부산광역시,역사
942,부산 수정동 일본식 가옥,부산광역시 동구 수정동 1010,129.0427270,35.1256686,부산광역시,역사
943,선암사(부산),부산광역시 부산진구 당감동,129.0237736,35.1745374,부산광역시,역사
944,관수옥과 초량왜관 터,부산광역시 중구 광복동2가 1-2,129.0324437,35.1009373,부산광역시,역사
945,태종사,경기도 화성시 매송면 천천리 360,126.9410850,37.2454660,부산광역시,역사
946,부산 중앙공원,부산광역시 동구 초량동 218-21,129.0289716,35.1164249,부산광역시,역사
947,척판암(부산),부산광역시 기장군 장안읍 장안리 606-1,129.2242693,35.3744077,부산광역시,역사
948,영주암(부산),부산광역시 수영구 망미동 950,129.0985639,35.1765948,부산광역시,역사
949,충렬사,경상남도 남해군 설천면 노량리,127.8760852,34.9421854,부산광역시,역사
950,대각사(부산),부산광역시 중구 신창동1가 6-1,129.0306186,35.1010365,부산광역시,역사
951,남선창고터,부산광역시 동구 초량동 393-1,129.0394033,35.1167272,부산광역시,역사
952,홍법사(부산),부산광역시 금정구 두구동 1220-1,129.1104848,35.3038686,부산광역시,역사
953,장안사(부산),부산광역시 기장군 장안읍 장안리,129.2328671,35.3748536,부산광역시,역사
954,삼광사,경기도 수원시 팔달구 지동 347-21,127.0215807,37.2758368,부산광역시,역사
955,내원정사(부산),부산광역시 서구 서대신동3가 1,129.0120151,35.1265599,부산광역시,역사
956,부산 복천동 고분군,부산광역시 동래구 복천동,129.0900824,35.2064725,부산광역시,역사
957,초량교회,부산광역시 동구 초량동 1005-1,129.0370541,35.1170010,부산광역시,역사
958,기장향교,부산광역시 기장군 기장읍 교리 62,129.2158625,35.2576417,부산광역시,역사
959,성암사(부산),부산광역시 남구 문현동 산13-5,129.0797143,35.1455742,부산광역시,역사
960,좌수영성지,부산광역시 수영구 수영동,129.1144792,35.1702414,부산광역시,역사
961,부산동명불원,부산광역시 남구 용당동 507-8,129.1037750,35.1194570,부산광역시,역사
962,마하사(부산),부산광역시 연제구 연산동 2039,129.0877092,35.1637484,부산광역시,역사
963,부산진일신여학교,부산광역시 동구 좌천동 768-1,129.0528258,35.1349320,부산광역시,역사
964,백산기념관,부산광역시 중구 동광동3가 10-2,129.0345830,35.1019542,부산광역시,역사
965,미륵사(부산),부산광역시 금정구 금성동 1-1,129.0492280,35.2741671,부산광역시,역사
966,옥련선원,부산광역시 수영구 민락동 327-2,129.1264625,35.1623070,부산광역시,역사
967,금용암(부산),부산광역시 연제구 거제2동 1396-2,129.0499760,35.1917966,부산광역시,역사
968,법륜사(부산),부산광역시 동래구 칠산동 239-10,129.0878980,35.2036551,부산광역시,역사
969,동래향교,부산광역시 동래구 명륜동,129.0841130,35.2077179,부산광역시,역사
970,금강사(부산),부산광역시 동래구 온천동 1,129.0774500,35.2249679,부산광역시,역사
971,25의용단,부산광역시 수영구 수영동 367,129.1138181,35.1717371,부산광역시,역사
972,청량사(부산),부산광역시 기장군 철마면 안평리 498-4,129.1760137,35.2390014,부산광역시,역사
973,당산,서울특별시 영등포구 당산동4가 80-5,126.8973273,37.5310482,부산광역시,역사
974,혜원정사,서울특별시 마포구 상암동 산26-43,126.8861125,37.5775833,부산광역시,역사
975,보광사(부산),부산광역시 연제구 연산동 산181-1,129.0820433,35.1622643,부산광역시,역사
976,금강암(부산),부산광역시 금정구 청룡동 산2-1,129.0653036,35.2818372,부산광역시,역사
977,부산 진지성,부산광역시 동구 범일동,129.0604458,35.1357023,부산광역시,역사
978,금정선원,부산광역시 북구 화명동 2272-2 해경타워빌딩 602호,129.0116687,35.2354808,부산광역시,역사
979,연등사(부산),부산광역시 동구 좌천동 839-3,129.0492002,35.1330880,부산광역시,역사
980,국청사(부산),부산광역시 금정구 금성동 397,129.0546859,35.2539412,부산광역시,역사
981,금수사(부산),부산광역시 동구 초량동 843,129.0294460,35.1202055,부산광역시,역사
982,감천사(부산),부산광역시 연제구 연산동 1112,129.0912964,35.1831904,부산광역시,역사
983,월명사(부산),부산광역시 기장군 일광면 횡계리 산28-1,129.2167229,35.2692199,부산광역시,역사
984,소림사(부산),부산광역시 동구 초량동 974-2,129.0369430,35.1176894,부산광역시,역사
985,운수사(부산),부산광역시 사상구 모라동 5,129.0134839,35.1843790,부산광역시,역사
986,무민사,경상남도 남해군 미조면 미조리,128.0415638,34.7173605,부산광역시,역사
987,안적사(부산),부산광역시 기장군 기장읍 내리 692,129.1697875,35.2140428,부산광역시,역사
988,정수암(부산),부산광역시 금정구 금성동 5,129.0487465,35.2602475,부산광역시,역사
989,광명사(부산),부산광역시 부산진구 범천동 839-212 평화도매시장 1층 2호,129.0603887,35.1416518,부산광역시,역사
990,온정개건비,부산광역시 동래구 온천동,129.0812747,35.2201611,부산광역시,역사
991,오륜대 한국순교자박물관,부산광역시 금정구 부곡동 1-4,129.1017912,35.2468583,부산광역시,역사
992,약수암(부산),부산광역시 해운대구 우동 산148-15,129.1481819,35.1740730,부산광역시,역사
993,선광사(부산),부산광역시 사상구 덕포2동 21,128.9955042,35.1771314,부산광역시,역사
994,묘심사(부산),부산광역시 동구 수정동 1174-8,129.0396836,35.1267061,부산광역시,역사
995,아홉산숲,부산광역시 기장군 철마면 웅천리 480,129.1715404,35.2870784,부산광역시,자연
996,해운대 달맞이길,부산광역시 해운대구 우동,129.1583542,35.1581445,부산광역시,자연
997,부산 송도해상케이블카,부산광역시 서구 암남동 124-1,129.0236571,35.0764859,부산광역시,자연
998,절영해안산책로,부산광역시 영도구 동삼동,129.0644383,35.0690336,부산광역시,자연
999,해운대해수욕장,부산광역시 해운대구 우동,129.1583542,35.1581445,부산광역시,자연
1000,황령산,부산광역시 연제구 연산5동,129.0834547,35.1586154,부산광역시,자연
1001,다대포해수욕장,부산광역시 사하구 다대동,128.9632342,35.0471272,부산광역시,자연
1002,해운대 동백섬,부산광역시 해운대구 우동 710-1,129.1521850,35.1539200,부산광역시,자연
1003,청사포,부산광역시 해운대구 중1동,129.1924116,35.1604130,부산광역시,자연
1004,광안리해수욕장,부산광역시 수영구 민락동 192-20,129.1201409,35.1541210,부산광역시,자연
1005,부산 송도해수욕장,부산광역시 서구 암남동,129.0175547,35.0759052,부산광역시,자연
1006,영도 등대,부산광역시 영도구 동삼동 1054,129.0921548,35.0522964,부산광역시,자연
1007,일광해수욕장,부산광역시 기장군 일광면 삼성리,129.2341048,35.2595869,부산광역시,자연
1008,가덕도 등대,부산광역시 강서구 대항동 산13-2,128.8289604,34.9897761,부산광역시,자연
1009,송정해수욕장,부산광역시 해운대구 송정동 712-2,129.1994695,35.1786405,부산광역시,자연
1010,을숙도 공원,부산광역시 사하구 하단동 1207-2,128.9458660,35.1043436,부산광역시,자연
1011,대변마을,부산광역시 기장군 기장읍 대변리 339-3,129.2303402,35.2247398,부산광역시,자연
1012,금강식물원,부산광역시 금정구 장전2동 산43-1,129.0761990,35.2262070,부산광역시,자연
1013,낙동강하구에코센터,부산광역시 사하구 하단동 1207-2,128.9458660,35.1043436,부산광역시,자연
1014,국립 달음산자연휴양림,부산광역시 기장군 일광면 용천리 산252,129.1857383,35.3014661,부산광역시,자연
1015,대천천,부산광역시 북구 화명동,129.0166490,35.2405780,부산광역시,자연
1016,오륙도 등대,부산광역시 남구 용호동,129.1269251,35.0913085,부산광역시,자연
1017,송도마을,부산광역시 서구 암남동,129.0180636,35.0792701,부산광역시,자연
1018,허브랑야생화,부산광역시 금정구 금성동 346,129.0518763,35.2542232,부산광역시,자연
1019,임랑해수욕장,부산광역시 기장군 장안읍 임랑리,129.2632479,35.3171117,부산광역시,자연
1020,신선대(부산),부산광역시 남구 용당동 123,129.0972874,35.1110913,부산광역시,자연
1021,금련산,부산광역시 연제구 연산동,129.0949820,35.1616630,부산광역시,자연
1022,봉래산(부산),부산광역시 영도구 청학동,129.0551459,35.0825348,부산광역시,자연
1023,부산 감천문화마을,부산광역시 사하구 감천동 1-14,129.0104393,35.0986415,부산광역시,체험
1024,40계단 문화관광테마거리,부산광역시 중구 중앙동4가,129.0350195,35.1039763,부산광역시,체험
1025,광안리해변 테마거리,부산광역시 수영구 민락동,129.1218477,35.1552421,부산광역시,체험
1026,국제시장 먹자골목,부산광역시 중구 남포동5가,129.0286387,35.0987294,부산광역시,체험
1027,공수어촌체험마을,부산광역시 기장군 기장읍 시랑리 582,129.2117727,35.1834526,부산광역시,체험
1028,168계단,부산광역시 동구 초량동 994-873,129.0351817,35.1171994,부산광역시,체험
1029,키자니아 부산,부산광역시 해운대구 우동 1493,129.1283230,35.1699851,부산광역시,체험
1030,전포카페거리,부산광역시 부산진구 전포동 668-1,129.0634685,35.1554062,부산광역시,체험
1031,서면1번가,부산광역시 부산진구 부전동,129.0594125,35.1570321,부산광역시,체험
1032,부산 자갈치 양곱창 골목,부산광역시 중구 남포동5가,129.0286426,35.0974373,부산광역시,체험
1033,소름요,부산광역시 기장군 기장읍 죽성리 637,129.2416476,35.2433729,부산광역시,체험
1034,부산 부평 족발 골목,부산광역시 중구 부평동2가,129.0263420,35.0994808,부산광역시,체험
1035,금수동,부산광역시 기장군 장안읍 기룡리 468,129.2531348,35.3447764,부산광역시,체험
1036,재난안전체험관,충청남도 천안시 동남구 유량동 25 충청남도 안전체험관,127.1918061,36.8217910,부산광역시,체험
1037,송도 구름산책로(스카이워크),부산광역시 서구 암남동 129-4,129.0226138,35.0753876,부산광역시,체험
1038,문탠로드,부산광역시 해운대구 중동,129.1819303,35.1565885,부산광역시,체험
1039,구덕야영장,부산광역시 서구 서대신동3가 산2-1,129.0094495,35.1258774,부산광역시,체험
1040,부산광역시 금련산청소년수련원,부산광역시 수영구 광안4동 산60-3,129.1018239,35.1549886,부산광역시,체험
1041,센텀시티 아이스링크 (신세계백화점),부산광역시 해운대구 우동 1495,129.1293084,35.1683250,부산광역시,체험
1042,영도관광사격장,부산광역시 영도구 동삼동 산149-4,129.0540685,35.0735057,부산광역시,체험
1043,부산 아시아드주경기장,부산광역시 연제구 거제2동 1299,129.0582044,35.1901863,부산광역시,체험
1044,부산종합운동장,부산광역시 서구 서대신동3가 210-1,129.0145297,35.1165962,부산광역시,체험
1045,용호동일대 바다낚시,대전광역시 대덕구 중리동 221-4,127.4204440,36.3584028,부산광역시,체험
1046,파라다이스 카지노 부산,부산광역시 해운대구 중동  1408-5,129.1641055,35.1599249,부산광역시,체험
1047,씨프랜드,경상남도 통영시 산양읍 신전리 324-5,128.4194393,34.7926036,부산광역시,체험
1048,파라다이스호텔 헬스클럽,부산광역시 해운대구 중동  1408-5,129.1641055,35.1599249,부산광역시,체험
1049,양정청소년수련관,부산광역시 부산진구 양정동 260-5 양정청소년수련관,129.0717389,35.1773005,부산광역시,체험
1050,세븐럭카지노(부산롯데점),부산광역시 부산진구 부전동 503-15 부산롯데호텔,129.0552082,35.1565013,부산광역시,체험
1051,부산사회체육센터,부산광역시 해운대구 우2동 1127-37,129.1380091,35.1669896,부산광역시,체험
1052,스포원파크 경륜장,부산광역시 금정구 두구동 669,129.1050676,35.2902921,부산광역시,체험
1053,부산광역시학생교육원,부산광역시 금정구 금성동 22-2,129.0445371,35.2602993,부산광역시,체험
1054,아시아드 컨트리클럽,부산광역시 기장군 일광면 이천리 12,129.2403530,35.2863168,부산광역시,체험
1055,다대 실내수영장,충청남도 천안시 동남구 신부동 305-6,127.1551394,36.8250912,부산광역시,체험
1056,해양스포츠교실,부산광역시 영도구 동삼동 1035-8,129.0770328,35.0613999,부산광역시,체험
1057,해운대일대(낚시터),부산광역시 해운대구 우1동 628-5,129.1579449,35.1594031,부산광역시,체험
1058,함지골청소년수련관,부산광역시 영도구 동삼1동 산149-4,129.0541458,35.0745248,부산광역시,체험
1059,부산컨트리클럽,부산광역시 기장군 일광면 이천리 12,129.2401685,35.2871682,부산광역시,체험
1060,대왕암공원,울산광역시 동구 일산동 산907,129.4395603,35.4923950,울산광역시,관광지
1061,태화강 국가정원,울산광역시 중구 태화동 667,129.2912884,35.5488213,울산광역시,관광지
1062,자수정 동굴나라,울산광역시 울주군 상북면 등억알프스리 산177-2,129.0942125,35.5454082,울산광역시,관광지
1063,일산해수욕장(울산),울산광역시 동구 일산동 960-2,129.4304086,35.4945658,울산광역시,관광지
1064,국립대운산치유의숲,울산광역시 울주군 온양읍 운화리 산159-1,129.2361713,35.3901242,울산광역시,관광지
1065,간절곶 등대,울산광역시 울주군 서생면 대송리 28-1,129.3606364,35.3590693,울산광역시,관광지
1066,영남 알프스,울산광역시 울주군 상북면,129.0031080,35.6200290,울산광역시,관광지
1067,장생포 고래문화마을,울산광역시 남구 매암동 139-29,129.3814843,35.5059325,울산광역시,관광지
1068,울산대공원,울산광역시 남구 옥동 146-1,129.2874130,35.5286229,울산광역시,관광지
1069,울주 대곡리 반구대 암각화,울산광역시 울주군 언양읍 대곡리 산234-1,129.1779181,35.6037389,울산광역시,관광지
1070,울산대교 전망대,울산광역시 동구 방어동 산118-3,129.4061664,35.5018336,울산광역시,관광지
1071,선암호수공원,울산광역시 남구 선암동 490-2,129.3263920,35.5166840,울산광역시,관광지
1072,편백산림욕장,울산광역시 북구 달천동,129.3035141,35.6398595,울산광역시,관광지
1073,현대자동차 울산공장,울산광역시 북구 양정동 700,129.3856570,35.5369295,울산광역시,관광지
1074,태화강,울산광역시 북구 명촌동,129.3730123,35.5375941,울산광역시,관광지
1075,울산 12경,울산광역시 울주군 삼남면 가천리,129.0555310,35.5338020,울산광역시,관광지
1076,슬도,울산광역시 동구 방어동 산5-3,129.4310612,35.4781558,울산광역시,관광지
1077,장생포 고래바다여행선,울산광역시 남구 매암동 139-29,129.3803426,35.5029086,울산광역시,관광지
1078,외고산 옹기마을,울산광역시 울주군 온양읍 고산리 501-18,129.2796250,35.4339763,울산광역시,관광지
1079,석남사(울산),울산광역시 울주군 상북면 덕현리 1064,129.0325000,35.6210736,울산광역시,관광지
1080,울산 소리체험관,울산광역시 동구 방어동 3-42,129.4326513,35.4809207,울산광역시,관광지
1081,강동 해수온천,울산광역시 북구 구유동 364,129.4505388,35.6138158,울산광역시,관광지
1082,등억온천단지,울산광역시 울주군 상북면 등억알프스리,129.0716877,35.5549188,울산광역시,관광지
1083,주전몽돌해변,울산광역시 동구 주전동,129.4554886,35.5656480,울산광역시,관광지
1084,울산체육공원,울산광역시 남구 무거동 산43-2,129.2594962,35.5368940,울산광역시,관광지
1085,진하해수욕장,울산광역시 울주군 서생면 진하리 토지구 획정리지구내 9B,129.3462577,35.3836925,울산광역시,관광지
1086,태화강동굴피아,울산광역시 남구 신정동,129.3016641,35.5449584,울산광역시,관광지
1087,강동 화암 주상절리,울산광역시 북구 산하동,129.4429125,35.6348071,울산광역시,관광지
1088,울산테마식물수목원,울산광역시 동구 동부동 산155-1,129.4271160,35.5538719,울산광역시,관광지
1089,울산대공원 동물원,울산광역시 남구 옥동 530,129.2764928,35.5300349,울산광역시,관광지
1090,석남사계곡,울산광역시 울주군 상북면 이천리,129.0333078,35.6209010,울산광역시,관광지
1091,선바위,울산광역시 울주군 범서읍 구영리 135-1,129.2370638,35.5811759,울산광역시,관광지
1092,울주 천전리 각석,울산광역시 울주군 두동면 천전리 산210,129.1735173,35.6137531,울산광역시,관광지
1093,발리온천,울산광역시 울주군 온양읍 발리 634-1,129.2930842,35.4059319,울산광역시,관광지
1094,처용암,울산광역시 남구 황성동 668-1,129.3491723,35.4671879,울산광역시,관광지
1095,울산 문화의거리,울산광역시 중구 성남동 277,129.3215519,35.5562025,울산광역시,관광지
1096,울산 대왕암길,울산광역시 동구 일산동,129.4394612,35.4875004,울산광역시,관광지
1097,국립 신불산폭포자연휴양림,울산광역시 울주군 상북면 이천리 산3-1,129.0236097,35.5259602,울산광역시,관광지
1098,태화강 전망대,울산광역시 남구 무거동 1293,129.2938125,35.5450667,울산광역시,관광지
1099,태화루,경기도 평택시 지산동 1235-7,127.0762273,37.0803691,울산광역시,관광지
1100,강동몽돌해변,울산광역시 북구 산하동,129.4423725,35.6275408,울산광역시,관광지
1101,배내골(울산),경상남도 양산시 원동면 대리 995-3,128.9653497,35.4534645,울산광역시,관광지
1102,가지산도립공원(울주),울산광역시 울주군 상북면 덕현리,129.0199750,35.6209694,울산광역시,관광지
1103,오계절,광주광역시 남구 주월동 1040-2,126.9064010,35.1266510,울산광역시,관광지
1104,울산 큰애기하우스,울산광역시 중구 옥교동,129.3216670,35.5566070,울산광역시,관광지
1105,가지산 탄산유황온천,울산광역시 울주군 상북면 덕현리 686-1,129.0496965,35.6210453,울산광역시,관광지
1106,신불산군립공원,울산광역시 울주군 상북면 등억알프스리,129.0578220,35.5597940,울산광역시,관광지
1107,울산 들꽃학습원,울산광역시 울주군 범서읍 서사리 270,129.2713293,35.5919744,울산광역시,관광지
1108,울기등대,울산광역시 동구 일산동,129.4430025,35.4927739,울산광역시,관광지
1109,울산탁주 태화루,울산광역시 북구 효문동 676,129.3653648,35.5616512,울산광역시,관광지
1110,서생포왜성,울산광역시 울주군 서생면 서생리 711 일원,129.3341588,35.3837256,울산광역시,관광지
1111,학성공원,울산광역시 중구 학성동 100,129.3392000,35.5547333,울산광역시,관광지
1112,간월산,울산광역시 울주군 상북면 등억알프스리,129.0401961,35.5521240,울산광역시,관광지
1113,학산서원,울산광역시 중구 태화동 459-31,129.2955030,35.5540618,울산광역시,관광지
1114,대운산,울산광역시 울주군 온양읍,129.2132433,35.4019259,울산광역시,관광지
1115,울주 대곡리 반구대 암각화,울산광역시 울주군 언양읍 대곡리 산234-1,129.1779181,35.6037389,울산광역시,역사
1116,석남사(울산),울산광역시 울주군 상북면 덕현리 1064,129.0325000,35.6210736,울산광역시,역사
1117,울주 천전리 각석,울산광역시 울주군 두동면 천전리 산210,129.1735173,35.6137531,울산광역시,역사
1118,처용암,울산광역시 남구 황성동 668-1,129.3491723,35.4671879,울산광역시,역사
1119,태화루,경기도 평택시 지산동 1235-7,127.0762273,37.0803691,울산광역시,역사
1120,서생포왜성,울산광역시 울주군 서생면 서생리 711 일원,129.3341588,35.3837256,울산광역시,역사
1121,학산서원,울산광역시 중구 태화동 459-31,129.2955030,35.5540618,울산광역시,역사
1122,도솔암(울산),울산광역시 북구 화봉동 30,129.3742991,35.5950252,울산광역시,역사
1123,동축사,울산광역시 동구 동부동 565,129.4192837,35.5483235,울산광역시,역사
1124,용연서원,서울특별시 동작구 노량진1동 205-70,126.9470879,37.5117731,울산광역시,역사
1125,치산서원,울산광역시 울주군 두동면 만화리 70,129.2302250,35.6545321,울산광역시,역사
1126,병영교회,전라남도 강진군 병영면 성동리 35,126.8207124,34.7204013,울산광역시,역사
1127,언양향교,울산광역시 울주군 삼남면 교동리 1086,129.1140263,35.5567918,울산광역시,역사
1128,천전리공룡발자국화석,울산광역시 울주군 두동면 천전리 산210,129.1743958,35.6275164,울산광역시,역사
1129,천전리각석계곡(울산),울산광역시 울주군 두동면 천전리,129.1742354,35.6147908,울산광역시,역사
1130,함월루,울산광역시 중구 성안동 산152-11,129.3130325,35.5710204,울산광역시,역사
1131,박상진의사 생가,울산광역시 북구 송정동 355,129.3599161,35.6021693,울산광역시,역사
1132,월봉사(울산),울산광역시 동구 화정동,129.4170178,35.4932109,울산광역시,역사
1133,신흥사(울산),울산광역시 북구 대안동,129.3906052,35.6609832,울산광역시,역사
1134,구강서원,울산광역시 중구 반구2동 171-1,129.3369383,35.5599152,울산광역시,역사
1135,중산동 고분군,울산광역시 북구 중산동,129.3375662,35.6614174,울산광역시,역사
1136,관음사(울산),울산광역시 중구 태화동 404,129.2968500,35.5563250,울산광역시,역사
1137,삼일사,경기도 화성시 반월동 600-2,127.0571410,37.2290420,울산광역시,역사
1138,내원암(울산),울산광역시 울주군 온양읍 운화리 산159-1,129.2428419,35.3923556,울산광역시,역사
1139,울산향교,울산광역시 중구 교동 171-1,129.3158321,35.5605789,울산광역시,역사
1140,울산동헌 및 내아,울산광역시 중구 북정동,129.3200536,35.5583032,울산광역시,역사
1141,해남사,울산광역시 중구 북정동 118,129.3204500,35.5598830,울산광역시,역사
1142,어물동 마애여래좌상,울산광역시 북구 어물동,129.4395875,35.5779167,울산광역시,역사
1143,반구서원,울산광역시 울주군 언양읍 대곡리 884-3,129.1737719,35.6091845,울산광역시,역사
1144,울주 간월사지 석조여래좌상,울산광역시 울주군 상북면 등억알프스리 산139,129.0727375,35.5554000,울산광역시,역사
1145,주전봉수대,울산광역시 동구 주전동,129.4479250,35.5444750,울산광역시,역사
1146,효자 송도선생 정려비,울산광역시 중구 북정동,129.3205280,35.5585854,울산광역시,역사
1147,태화서원,울산광역시 중구 옥교동 239-1,129.3219492,35.5569251,울산광역시,역사
1148,문수사(울주),울산광역시 울주군 청량읍 율리 1250-1,129.2141783,35.5319384,울산광역시,역사
1149,우가산유포봉수대,울산광역시 북구 당사동,129.4604377,35.5900202,울산광역시,역사
1150,석계서원,울산광역시 울주군 웅촌면 석천리 385,129.2345747,35.4703242,울산광역시,역사
1151,백양사(울산),울산광역시 중구 성안동 819,129.3135439,35.5743879,울산광역시,역사
1152,옥천암(울산),울산광역시 북구 연암동 50,129.3848110,35.5803186,울산광역시,역사
1153,태화강 국가정원,울산광역시 중구 태화동 667,129.2912884,35.5488213,울산광역시,자연
1154,자수정 동굴나라,울산광역시 울주군 상북면 등억알프스리 산177-2,129.0942125,35.5454082,울산광역시,자연
1155,일산해수욕장(울산),울산광역시 동구 일산동 960-2,129.4304086,35.4945658,울산광역시,자연
1156,국립대운산치유의숲,울산광역시 울주군 온양읍 운화리 산159-1,129.2361713,35.3901242,울산광역시,자연
1157,간절곶 등대,울산광역시 울주군 서생면 대송리 28-1,129.3606364,35.3590693,울산광역시,자연
1158,영남 알프스,울산광역시 울주군 상북면,129.0031080,35.6200290,울산광역시,자연
1159,편백산림욕장,울산광역시 북구 달천동,129.3035141,35.6398595,울산광역시,자연
1160,태화강,울산광역시 북구 명촌동,129.3730123,35.5375941,울산광역시,자연
1161,울산 12경,울산광역시 울주군 삼남면 가천리,129.0555310,35.5338020,울산광역시,자연
1162,슬도,울산광역시 동구 방어동 산5-3,129.4310612,35.4781558,울산광역시,자연
1163,주전몽돌해변,울산광역시 동구 주전동,129.4554886,35.5656480,울산광역시,자연
1164,진하해수욕장,울산광역시 울주군 서생면 진하리 토지구 획정리지구내 9B,129.3462577,35.3836925,울산광역시,자연
1165,강동 화암 주상절리,울산광역시 북구 산하동,129.4429125,35.6348071,울산광역시,자연
1166,울산테마식물수목원,울산광역시 동구 동부동 산155-1,129.4271160,35.5538719,울산광역시,자연
1167,석남사계곡,울산광역시 울주군 상북면 이천리,129.0333078,35.6209010,울산광역시,자연
1168,선바위,울산광역시 울주군 범서읍 구영리 135-1,129.2370638,35.5811759,울산광역시,자연
1169,국립 신불산폭포자연휴양림,울산광역시 울주군 상북면 이천리 산3-1,129.0236097,35.5259602,울산광역시,자연
1170,강동몽돌해변,울산광역시 북구 산하동,129.4423725,35.6275408,울산광역시,자연
1171,배내골(울산),경상남도 양산시 원동면 대리 995-3,128.9653497,35.4534645,울산광역시,자연
1172,가지산도립공원(울주),울산광역시 울주군 상북면 덕현리,129.0199750,35.6209694,울산광역시,자연
1173,신불산군립공원,울산광역시 울주군 상북면 등억알프스리,129.0578220,35.5597940,울산광역시,자연
1174,울산 들꽃학습원,울산광역시 울주군 범서읍 서사리 270,129.2713293,35.5919744,울산광역시,자연
1175,울기등대,울산광역시 동구 일산동,129.4430025,35.4927739,울산광역시,자연
1176,간월산,울산광역시 울주군 상북면 등억알프스리,129.0401961,35.5521240,울산광역시,자연
1177,대운산,울산광역시 울주군 온양읍,129.2132433,35.4019259,울산광역시,자연
1178,파래소폭포,울산광역시 울주군 상북면 이천리,129.0234960,35.5366010,울산광역시,자연
1179,간월산 자연휴양림,울산광역시 울주군 상북면 등억알프스리 507-10,129.0731414,35.5557709,울산광역시,자연
1180,대왕암 송림,울산광역시 동구 일산동 산907,129.4395603,35.4923950,울산광역시,자연
1181,천전리각석계곡(울산),울산광역시 울주군 두동면 천전리,129.1742354,35.6147908,울산광역시,자연
1182,화암추 등대,울산광역시 동구 방어동 962-2,129.4072079,35.4725269,울산광역시,자연
1183,숯못 생태공원,울산광역시 중구 성안동 761,129.3142959,35.5792491,울산광역시,자연
1184,내원암 계곡,울산광역시 울주군 온양읍 운화리 산159-1,129.2428419,35.3923556,울산광역시,자연
1185,신흥사(울산),울산광역시 북구 대안동,129.3906052,35.6609832,울산광역시,자연
1186,홍류폭포,울산광역시 울주군 상북면 등억알프스리 산186,129.0606740,35.5519266,울산광역시,자연
1187,일산마을,울산광역시 동구 일산동,129.4341761,35.5007010,울산광역시,자연
1188,목도,울산광역시 울주군 온산읍 방도리,129.3520035,35.4491205,울산광역시,자연
1189,고헌산(울산),울산광역시 울주군 상북면 궁근정리,129.0886399,35.6416996,울산광역시,자연
1190,장생포 고래문화마을,울산광역시 남구 매암동 139-29,129.3814843,35.5059325,울산광역시,체험
1191,울산 소리체험관,울산광역시 동구 방어동 3-42,129.4326513,35.4809207,울산광역시,체험
1192,울산 문화의거리,울산광역시 중구 성남동 277,129.3215519,35.5562025,울산광역시,체험
1193,울산 큰애기하우스,울산광역시 중구 옥교동,129.3216670,35.5566070,울산광역시,체험
1194,큐빅광장,울산광역시 중구 성남동 190-54,129.3181637,35.5548048,울산광역시,체험
1195,문수축구경기장,울산광역시 남구 옥동 산5,129.2595311,35.5352457,울산광역시,체험
1196,동천 야외물놀이장,울산광역시 중구 남외동 964,129.3521217,35.5662024,울산광역시,체험
1197,미포구장,울산광역시 동구 서부동,129.4233956,35.5282337,울산광역시,체험
1198,울산종합운동장,울산광역시 중구 남외동 865,129.3479622,35.5626194,울산광역시,체험
1199,솔마루길,울산광역시 남구 신정동,129.2995653,35.5431439,울산광역시,체험
1200,방어진방파제,울산광역시 동구 방어동,129.4314774,35.4791351,울산광역시,체험
1201,울산 컨트리클럽,울산광역시 울주군 서생면 위양리 259,129.3103785,35.3651746,울산광역시,체험
1202,삼동배내청소년수련원,울산광역시 울주군 상북면 이천리 31,129.0269694,35.5615079,울산광역시,체험
1203,섭지코지,제주특별자치도 서귀포시 성산읍 고성리,126.9307800,33.4237681,제주특별자치도,관광지
1204,성산일출봉 [유네스코 세계자연유산],제주특별자치도 서귀포시 성산읍 성산리 1,126.9408234,33.4588827,제주특별자치도,관광지
1205,휴애리자연생활공원,제주특별자치도 서귀포시 남원읍 신례리 2081,126.6354768,33.3094356,제주특별자치도,관광지
1206,새별오름,제주특별자치도 제주시 애월읍 봉성리 산59-8,126.3577289,33.3662542,제주특별자치도,관광지
1207,산굼부리,제주특별자치도 제주시 조천읍 교래리 산38,126.6949199,33.4295758,제주특별자치도,관광지
1208,쇠소깍,제주특별자치도 서귀포시 남원읍 하례리 995-1,126.6243979,33.2524652,제주특별자치도,관광지
1209,아부오름,제주특별자치도 제주시 구좌읍 송당리 산164-1,126.7796728,33.4475230,제주특별자치도,관광지
1210,이호테우해변,제주특별자치도 제주시 이호일동,126.4525332,33.4976200,제주특별자치도,관광지
1211,비자림,제주특별자치도 제주시 구좌읍 평대리 3161-1,126.8066616,33.4843446,제주특별자치도,관광지
1212,카멜리아힐,제주특별자치도 서귀포시 안덕면 상창리 271,126.3696285,33.2897889,제주특별자치도,관광지
1213,광치기해변,제주특별자치도 서귀포시 성산읍 고성리 224-33,126.9243828,33.4511713,제주특별자치도,관광지
1214,제주절물자연휴양림,제주특별자치도 제주시 봉개동 산78-1,126.6274955,33.4371598,제주특별자치도,관광지
1215,신풍 신천 바다목장,제주특별자치도 서귀포시 성산읍 신풍리 33,126.8637670,33.3560167,제주특별자치도,관광지
1216,제주 유리의성,제주특별자치도 제주시 한경면 저지리 3135-1,126.2736379,33.3146359,제주특별자치도,관광지
1217,용눈이오름,제주특별자치도 제주시 구좌읍 종달리 산28,126.8326841,33.4598799,제주특별자치도,관광지
1218,천제연폭포,제주특별자치도 서귀포시 중문동 2232,126.4172832,33.2514587,제주특별자치도,관광지
1219,금오름,제주특별자치도 제주시 한림읍 금악리 산1-1,126.3058394,33.3545712,제주특별자치도,관광지
1220,가파도,제주특별자치도 서귀포시 대정읍 가파리,126.2686471,33.1710713,제주특별자치도,관광지
1221,퍼시픽랜드,제주특별자치도 서귀포시 색달동 2950-4,126.4156021,33.2438652,제주특별자치도,관광지
1222,따라비 오름,제주특별자치도 서귀포시 표선면 가시리 산62,126.7516000,33.3865080,제주특별자치도,관광지
1223,거문오름 [세계자연유산],제주특별자치도 제주시 조천읍 선흘리 470-5,126.7118518,33.4588267,제주특별자치도,관광지
1224,추자도,제주특별자치도 제주시 추자면 추자도,126.3083870,33.9514039,제주특별자치도,관광지
1225,중문관광단지,제주특별자치도 서귀포시 중문동,126.4107018,33.2477867,제주특별자치도,관광지
1226,산방산(제주),제주특별자치도 서귀포시 안덕면,126.3133695,33.2415631,제주특별자치도,관광지
1227,성읍민속마을,제주특별자치도 서귀포시 표선면 성읍리 3294,126.8012073,33.3868795,제주특별자치도,관광지
1228,1100고지습지,제주특별자치도 서귀포시 색달동 산1-2,126.4621131,33.3579350,제주특별자치도,관광지
1229,고살리 숲길,제주특별자치도 서귀포시 남원읍 하례리 산54-2,126.5981942,33.3168279,제주특별자치도,관광지
1230,신창풍차해안도로,제주특별자치도 제주시 한경면 신창리 1322-1,126.1721260,33.3427340,제주특별자치도,관광지
1231,제주 산방산탄산온천,제주특별자치도 서귀포시 안덕면 사계리 981,126.2988035,33.2490187,제주특별자치도,관광지
1232,물영아리 오름,제주특별자치도 서귀포시 남원읍 수망리,126.7030155,33.3443050,제주특별자치도,관광지
1233,용머리해안,제주특별자치도 서귀포시 안덕면 사계리 112-3,126.3149113,33.2315021,제주특별자치도,관광지
1234,물영아리오름,제주특별자치도 서귀포시 남원읍 수망리,126.7030155,33.3443050,제주특별자치도,관광지
1235,한림공원,제주특별자치도 제주시 한림읍 협재리 2487,126.2402819,33.3893900,제주특별자치도,관광지
1236,수목원테마파크(아이스뮤지엄),제주특별자치도 제주시 연동 1320,126.4883572,33.4704394,제주특별자치도,관광지
1237,브릭캠퍼스 제주,제주특별자치도 제주시 노형동 244-1,126.4852904,33.4585471,제주특별자치도,관광지
1238,서건도,제주특별자치도 서귀포시 강정동 산1,126.4983406,33.2298583,제주특별자치도,관광지
1239,제주허브동산,제주특별자치도 서귀포시 표선면 표선리 2608,126.8150788,33.3298098,제주특별자치도,관광지
1240,함덕 서우봉 해변 (함덕해수욕장),제주특별자치도 제주시 조천읍 함덕리 산14-1,126.6696925,33.5431083,제주특별자치도,관광지
1241,남원 큰엉해안,제주특별자치 서귀포시 남원읍 남원리 2379-3,126.7033861,33.2732368,제주특별자치도,관광지
1242,세화해변,제주특별자치도 제주시 구좌읍,126.8608134,33.5251281,제주특별자치도,관광지
1243,에코랜드테마파크,제주특별자치도 제주시 조천읍 대흘리 1221-1,126.6720217,33.4476207,제주특별자치도,관광지
1244,한라산 영실,제주특별자치도 서귀포시 하원동,126.4804592,33.3401290,제주특별자치도,관광지
1245,사라봉공원,제주특별자치도 제주시 건입동 387-1,126.5461910,33.5165057,제주특별자치도,관광지
1246,수월봉,제주특별자치도 제주시 한경면 고산리,126.1631090,33.2947703,제주특별자치도,관광지
1247,월정리해변(월정리해수욕장),제주특별자치도 제주시 구좌읍 월정리 33-3,126.7966562,33.5557089,제주특별자치도,관광지
1248,한라수목원,제주특별자치도 제주시 연동 1000,126.4921379,33.4697409,제주특별자치도,관광지
1249,정물오름,제주특별자치도 제주시 한림읍 금악리 산52-1,126.3296253,33.3383463,제주특별자치도,관광지
1250,제주 노루생태관찰원,제주특별자치도 제주시 봉개동 산51-2,126.6255747,33.4450254,제주특별자치도,관광지
1251,한라생태숲,제주특별자치도 제주시 용강동 산14-1,126.6005343,33.4310908,제주특별자치도,관광지
1252,황우지해안,제주특별자치도 서귀포시 서홍동 766-1,126.5503756,33.2414539,제주특별자치도,관광지
1253,조랑말체험공원,제주특별자치 서귀포시 표선면 가시리 3149-16,126.7357971,33.3829949,제주특별자치도,관광지
1254,혼인지,제주특별자치도 서귀포시 성산읍 온평리 1693,126.8948630,33.4149570,제주특별자치도,관광지
1255,성읍민속마을,제주특별자치도 서귀포시 표선면 성읍리 3294,126.8012073,33.3868795,제주특별자치도,역사
1256,제주민속촌,제주특별자치도 서귀포시 표선면 표선리 40-1,126.8417704,33.3221317,제주특별자치도,역사
1257,천왕사(제주),제주특별자치도 제주시 노형동 산20-17,126.4950124,33.4077486,제주특별자치도,역사
1258,관덕정(제주),제주특별자치도 제주시 삼도이동,126.5218586,33.5141622,제주특별자치도,역사
1259,제주 항파두리 항몽 유적,제주특별자치도 제주시 애월읍 상귀리 1012,126.4077780,33.4527482,제주특별자치도,역사
1260,제주 삼성혈,제주특별자치도 제주시 이도일동 1313,126.5287624,33.5043390,제주특별자치도,역사
1261,약천사(제주),제주특별자치도 서귀포시 하원동 1695-2,126.4510797,33.2445054,제주특별자치도,역사
1262,불탑사(제주),제주특별자치도 제주시 삼양1동 696,126.5978681,33.5293708,제주특별자치도,역사
1263,별방진,제주특별자치도 제주시 구좌읍 하도리 3354,126.8842921,33.5262975,제주특별자치도,역사
1264,월정사(제주),제주특별자치도 제주시 오라이동 656-2,126.5102500,33.4663681,제주특별자치도,역사
1265,알뜨르비행장 및 일본군 비행기 격납고,제주특별자치도 서귀포시 대정읍 상모리,126.2771480,33.2099500,제주특별자치도,역사
1266,모충사,제주특별자치도 제주시 건입동 397,126.5460880,33.5161170,제주특별자치도,역사
1267,제주목관아,제주특별자치도 제주시 삼도이동,126.5218586,33.5141622,제주특별자치도,역사
1268,산방굴사(제주),제주특별자치도 서귀포시 안덕면 사계리 산16,126.3130225,33.2379285,제주특별자치도,역사
1269,금룡사(제주),제주특별자치도 제주시 구좌읍 김녕리 1145-49,126.7535402,33.5539872,제주특별자치도,역사
1270,평화통일 불사리탑,제주특별자치도 제주시 조천읍 조천리 2268-1,126.6362079,33.5319645,제주특별자치도,역사
1271,서귀포 김정희 유배지,제주특별자치도 서귀포시 대정읍 안성리 1661-1,126.2783183,33.2502121,제주특별자치도,역사
1272,제주 성읍마을 고창환 고택,제주특별자치도 서귀포시 표선면 성읍리 799,126.8000765,33.3872585,제주특별자치도,역사
1273,방사탑(제주),제주특별자치도 제주시 한경면 용수리,126.1655352,33.3236524,제주특별자치도,역사
1274,백제사,제주특별자치도 제주시 애월읍 광령리 4121,126.4242743,33.4488498,제주특별자치도,역사
1275,관음사(제주),제주특별자치도 제주시 아라1동 387,126.5587924,33.4217157,제주특별자치도,역사
1276,오현단,제주특별자치도 제주시 이도일동 1421-3,126.5255738,33.5101638,제주특별자치도,역사
1277,제주 삼양동 유적,제주특별자치도 제주시 삼양이동 1660-5,126.5877500,33.5233166,제주특별자치도,역사
1278,제주성지,제주특별자치도 제주시 화북이동,126.5590875,33.4896013,제주특별자치도,역사
1279,복신미륵,제주특별자치도 제주시 건입동,126.5318552,33.5154764,제주특별자치도,역사
1280,명월대,제주특별자치도 제주시 한림읍 명월리,126.2662857,33.3889938,제주특별자치도,역사
1281,제주향교,제주특별자치도 제주시 용담1동 298-8,126.5155867,33.5111563,제주특별자치도,역사
1282,귤림서원,제주특별자치도 제주시 이도1동 1438,126.5250469,33.5101770,제주특별자치도,역사
1283,법화사,제주특별자치도 서귀포시 하원동 1071-1,126.4576064,33.2650078,제주특별자치도,역사
1284,이중섭 거주지,제주특별자치 서귀포시 서귀동,126.5643216,33.2455527,제주특별자치도,역사
1285,연북정,제주특별자치도 제주시 조천읍 조천리,126.6360874,33.5400667,제주특별자치도,역사
1286,제주 성읍마을 고평오 고택,제주특별자치도 서귀포시 표선면 성읍리 809-1,126.8017390,33.3859060,제주특별자치도,역사
1287,선광사(제주),제주특별자치도 서귀포시 남원읍 남원리 2347-1,126.6993984,33.2727350,제주특별자치도,역사
1288,원당사지,제주특별자치도 제주시 삼양1동 697,126.5974084,33.5291851,제주특별자치도,역사
1289,산천단곰솔,제주특별자치도 제주시 아라1동 375-1,126.5542125,33.4474179,제주특별자치도,역사
1290,양금석가옥,제주특별자치도 서귀포시 남원읍 신례리 1315,126.6284919,33.2913321,제주특별자치도,역사
1291,서귀본향당,제주특별자치도 서귀포시 성산읍 수산리,126.8931246,33.4514560,제주특별자치도,역사
1292,절부암,제주특별자치도 제주시 한경면 용수리,126.1671166,33.3236456,제주특별자치도,역사
1293,보덕사(제주),제주특별자치도 제주시 도남동 80-2,126.5321712,33.4916686,제주특별자치도,역사
1294,월영사(제주),제주특별자치도 제주시 애월읍 상귀리 329,126.4139411,33.4780044,제주특별자치도,역사
1295,신촌향사,제주특별자치도 제주시 조천읍 신촌리 2156-1,126.6205341,33.5364512,제주특별자치도,역사
1296,하멜기념비,제주특별자치도 서귀포시 안덕면 사계리,126.3063250,33.2323346,제주특별자치도,역사
1297,보림사(제주),제주특별자치도 제주시 건입동 388,126.5465289,33.5175951,제주특별자치도,역사
1298,제주통일관,제주특별자치도 제주시 일도2동 168-2,126.5307523,33.5066596,제주특별자치도,역사
1299,정의향교,제주특별자치도 서귀포시 표선면 성읍리 820-2,126.7998024,33.3869917,제주특별자치도,역사
1300,대정향교,제주특별자치도 서귀포시 안덕면 사계리 3126-1,126.2883826,33.2395309,제주특별자치도,역사
1301,섭지코지,제주특별자치도 서귀포시 성산읍 고성리,126.9307800,33.4237681,제주특별자치도,자연
1302,성산일출봉 [유네스코 세계자연유산],제주특별자치도 서귀포시 성산읍 성산리 1,126.9408234,33.4588827,제주특별자치도,자연
1303,새별오름,제주특별자치도 제주시 애월읍 봉성리 산59-8,126.3577289,33.3662542,제주특별자치도,자연
1304,산굼부리,제주특별자치도 제주시 조천읍 교래리 산38,126.6949199,33.4295758,제주특별자치도,자연
1305,쇠소깍,제주특별자치도 서귀포시 남원읍 하례리 995-1,126.6243979,33.2524652,제주특별자치도,자연
1306,아부오름,제주특별자치도 제주시 구좌읍 송당리 산164-1,126.7796728,33.4475230,제주특별자치도,자연
1307,이호테우해변,제주특별자치도 제주시 이호일동,126.4525332,33.4976200,제주특별자치도,자연
1308,비자림,제주특별자치도 제주시 구좌읍 평대리 3161-1,126.8066616,33.4843446,제주특별자치도,자연
1309,카멜리아힐,제주특별자치도 서귀포시 안덕면 상창리 271,126.3696285,33.2897889,제주특별자치도,자연
1310,광치기해변,제주특별자치도 서귀포시 성산읍 고성리 224-33,126.9243828,33.4511713,제주특별자치도,자연
1311,제주절물자연휴양림,제주특별자치도 제주시 봉개동 산78-1,126.6274955,33.4371598,제주특별자치도,자연
1312,신풍 신천 바다목장,제주특별자치도 서귀포시 성산읍 신풍리 33,126.8637670,33.3560167,제주특별자치도,자연
1313,용눈이오름,제주특별자치도 제주시 구좌읍 종달리 산28,126.8326841,33.4598799,제주특별자치도,자연
1314,천제연폭포,제주특별자치도 서귀포시 중문동 2232,126.4172832,33.2514587,제주특별자치도,자연
1315,금오름,제주특별자치도 제주시 한림읍 금악리 산1-1,126.3058394,33.3545712,제주특별자치도,자연
1316,가파도,제주특별자치도 서귀포시 대정읍 가파리,126.2686471,33.1710713,제주특별자치도,자연
1317,따라비 오름,제주특별자치도 서귀포시 표선면 가시리 산62,126.7516000,33.3865080,제주특별자치도,자연
1318,거문오름 [세계자연유산],제주특별자치도 제주시 조천읍 선흘리 470-5,126.7118518,33.4588267,제주특별자치도,자연
1319,추자도,제주특별자치도 제주시 추자면 추자도,126.3083870,33.9514039,제주특별자치도,자연
1320,산방산(제주),제주특별자치도 서귀포시 안덕면,126.3133695,33.2415631,제주특별자치도,자연
1321,1100고지습지,제주특별자치도 서귀포시 색달동 산1-2,126.4621131,33.3579350,제주특별자치도,자연
1322,용머리해안,제주특별자치도 서귀포시 안덕면 사계리 112-3,126.3149113,33.2315021,제주특별자치도,자연
1323,물영아리오름,제주특별자치도 서귀포시 남원읍 수망리,126.7030155,33.3443050,제주특별자치도,자연
1324,서건도,제주특별자치도 서귀포시 강정동 산1,126.4983406,33.2298583,제주특별자치도,자연
1325,함덕 서우봉 해변 (함덕해수욕장),제주특별자치도 제주시 조천읍 함덕리 산14-1,126.6696925,33.5431083,제주특별자치도,자연
1326,남원 큰엉해안,제주특별자치 서귀포시 남원읍 남원리 2379-3,126.7033861,33.2732368,제주특별자치도,자연
1327,세화해변,제주특별자치도 제주시 구좌읍,126.8608134,33.5251281,제주특별자치도,자연
1328,한라산 영실,제주특별자치도 서귀포시 하원동,126.4804592,33.3401290,제주특별자치도,자연
1329,수월봉,제주특별자치도 제주시 한경면 고산리,126.1631090,33.2947703,제주특별자치도,자연
1330,월정리해변(월정리해수욕장),제주특별자치도 제주시 구좌읍 월정리 33-3,126.7966562,33.5557089,제주특별자치도,자연
1331,한라수목원,제주특별자치도 제주시 연동 1000,126.4921379,33.4697409,제주특별자치도,자연
1332,정물오름,제주특별자치도 제주시 한림읍 금악리 산52-1,126.3296253,33.3383463,제주특별자치도,자연
1333,제주 노루생태관찰원,제주특별자치도 제주시 봉개동 산51-2,126.6255747,33.4450254,제주특별자치도,자연
1334,한라생태숲,제주특별자치도 제주시 용강동 산14-1,126.6005343,33.4310908,제주특별자치도,자연
1335,황우지해안,제주특별자치도 서귀포시 서홍동 766-1,126.5503756,33.2414539,제주특별자치도,자연
1336,혼인지,제주특별자치도 서귀포시 성산읍 온평리 1693,126.8948630,33.4149570,제주특별자치도,자연
1337,생각하는 정원,제주특별자치도 제주시 한경면 저지리 1534,126.2548492,33.3253180,제주특별자치도,자연
1338,용두암,제주특별자치도 제주시 용담이동,126.5118641,33.5159505,제주특별자치도,자연
1339,마라도 등대,제주특별자치도 서귀포시 대정읍 가파리 642,126.2695719,33.1167297,제주특별자치도,자연
1340,협재해변,제주특별자치도 제주시 한림읍 협재리 2497-1,126.2398901,33.3943224,제주특별자치도,자연
1341,김녕성세기해변 (김녕해수욕장),제주특별자치도 제주시 구좌읍 김녕리,126.7594902,33.5577827,제주특별자치도,자연
1342,중문·색달 해변,제주특별자치도 서귀포시 색달동,126.4114960,33.2451774,제주특별자치도,자연
1343,표선 해비치 해변,제주특별자치도 서귀포시 표선면 표선리,126.8403326,33.3260270,제주특별자치도,자연
1344,어승생,제주특별자치도 제주시 노형동 산14-1,126.4906473,33.4253686,제주특별자치도,자연
1345,서귀포자연휴양림,제주특별자치도 서귀포시 하원동 산1-1,126.4653570,33.3138539,제주특별자치도,자연
1346,엉또폭포,제주특별자치도 서귀포시 강정동,126.4984000,33.2676500,제주특별자치도,자연
1347,서귀포 하논분화구,제주특별자치도 서귀포시 서홍동 1356-3,126.5459928,33.2539278,제주특별자치도,자연
1348,정방폭포,제주특별자치도 서귀포시 동홍동,126.5716427,33.2448143,제주특별자치도,자연
1349,여미지식물원,제주특별자치도 서귀포시 색달동 2484-1,126.4142189,33.2526509,제주특별자치도,자연
1350,제주허브동산,제주특별자치도 서귀포시 표선면 표선리 2608,126.8150788,33.3298098,제주특별자치도,체험
1351,조랑말체험공원,제주특별자치 서귀포시 표선면 가시리 3149-16,126.7357971,33.3829949,제주특별자치도,체험
1352,어멍아방잔치마을,제주특별자치도 서귀포시 성산읍 신풍리 500-1,126.8406022,33.3617774,제주특별자치도,체험
1353,제주 동백마을,제주특별자치도 서귀포시 남원읍 신흥리 1759-2,126.7451296,33.3204703,제주특별자치도,체험
1354,제주선인장마을,제주특별자치도 제주시 한림읍 월령리 416,126.2156598,33.3751789,제주특별자치도,체험
1355,이상한 나라의 앨리스,제주특별자치도 서귀포시 안덕면 서광리 717-3,126.3217746,33.2889415,제주특별자치도,체험
1356,다이나믹 메이즈 (제주 성읍점),제주특별자치도 서귀포시 표선면 성읍리,126.7858178,33.3992926,제주특별자치도,체험
1357,제주 초콜릿랜드,제주특별자치도 서귀포시 색달동 2864-36,126.4135297,33.2494650,제주특별자치도,체험
1358,번개과학체험관,제주특별자치도 서귀포시 토평동 1799,126.5888351,33.2895187,제주특별자치도,체험
1359,하도어촌체험마을,제주특별자치도 제주시 구좌읍 하도리 22-10,126.9041195,33.5200677,제주특별자치도,체험
1360,제주도예촌,제주특별자치도 서귀포시 대정읍 영락리 1,126.2348686,33.2651601,제주특별자치도,체험
1361,세리월드,제주특별자치도 서귀포시 법환동 877,126.5119267,33.2468372,제주특별자치도,체험
1362,동광리농촌체험마을,제주특별자치도 서귀포시 안덕면 동광리 976,126.3370500,33.3066749,제주특별자치도,체험
1363,이중섭 문화거리,제주특별자치도 서귀포시 서귀동 512-1,126.5642875,33.2454678,제주특별자치도,체험
1364,제주 서광다원,제주특별자치도 서귀포시 안덕면 서광리 1235-3,126.3068096,33.3086114,제주특별자치도,체험
1365,제주마방목지,제주특별자치도 제주시 용강동,126.6046608,33.4279241,제주특별자치도,체험
1366,다희연,제주특별자치도 제주시 조천읍 선흘리 2019-5,126.7007974,33.4790042,제주특별자치도,체험
1367,점보빌리지,제주특별자치도 서귀포시 안덕면 서광리 2351,126.3050764,33.2762006,제주특별자치도,체험
1368,서귀포 예래생태마을,제주특별자치도 서귀포시 상예동 518-4,126.3978850,33.2542778,제주특별자치도,체험
1369,아홉굿마을,제주특별자치도 제주시 한경면 낙천리 1913,126.2273871,33.3281437,제주특별자치도,체험
1370,물드리네,제주특별자치도 제주시 한경면 낙천리 2145,126.2268169,33.3225558,제주특별자치도,체험
1371,두맹이골목,제주특별자치도 제주시 일도2동,126.5335423,33.5124161,제주특별자치도,체험
1372,마린파크,제주특별자치도 서귀포시 안덕면 화순리 823,126.3347031,33.2408568,제주특별자치도,체험
1373,제주 유수암마을,제주특별자치도 제주시 애월읍 유수암리 1892-1,126.4029071,33.4413924,제주특별자치도,체험
1374,교래 삼다수마을,제주특별자치도 제주시 조천읍 교래리 580,126.6783437,33.4316164,제주특별자치도,체험
1375,제주 명도암참살이마을,제주특별자치도 제주시 봉개동,126.6063509,33.4624217,제주특별자치도,체험
1376,낙타트레킹,제주특별자치도 서귀포시 표선면 성읍리 2684,126.7786457,33.4026984,제주특별자치도,체험
1377,구엄어촌체험마을,제주특별자치도 제주시 애월읍 구엄리 608-1,126.3772892,33.4839783,제주특별자치도,체험
1378,혼인지마을,제주특별자치도 서귀포시 성산읍 온평리 1693,126.8940799,33.4148431,제주특별자치도,체험
1379,제주 청수마을,제주특별자치도 제주시 한경면 청수리 1571,126.2475125,33.3180833,제주특별자치도,체험
1380,서귀포 알토산마을,제주특별자치도 서귀포시 표선면 토산리,126.7799723,33.3089060,제주특별자치도,체험
1381,위미1리어촌체험마을,제주특별자치도 서귀포시 남원읍 위미리 2937-2,126.6589382,33.2712727,제주특별자치도,체험
1382,서귀포 용왕난드르마을,제주특별자치도 서귀포시 안덕면 창천리 876-11,126.3668775,33.2353857,제주특별자치도,체험
1383,한수풀 해녀학교,제주특별자치도 제주시 한림읍 귀덕리 4107-2,126.2784265,33.4427387,제주특별자치도,체험
1384,제주 서귀포 상예마을,제주특별자치도 서귀포시 상예동,126.3753070,33.2660449,제주특별자치도,체험
1385,우도,제주특별자치도 제주시 우도면,126.9585747,33.5053092,제주특별자치도,체험
1386,사려니숲길,제주특별자치도 제주시 조천읍 교래리 산137-1,126.6462888,33.4013166,제주특별자치도,체험
1387,[제주올레 12코스] 무릉-용수 올레,제주특별자치도 서귀포시 대정읍 신도리 3138,126.1712674,33.2864437,제주특별자치도,체험
1388,[제주올레 6코스] 쇠소깍-서귀포 올레,제주특별자치도 서귀포시 보목동 590-3,126.6022370,33.2387737,제주특별자치도,체험
1389,한라산 트레킹,서울특별시 강서구 마곡동 757-3,126.8265952,37.5686081,제주특별자치도,체험
1390,[제주올레 3코스] 온평-표선 올레,제주특별자치도 서귀포시 표선면 하천리,126.8443231,33.3335079,제주특별자치도,체험
1391,제주빅볼랜드,제주특별자치도 제주시 애월읍 어음리 산3,126.3754395,33.3902586,제주특별자치도,체험
1392,더마파크,제주특별자치도 제주시 한림읍 월림리 산8,126.2430804,33.3549226,제주특별자치도,체험
1393,세리월드,제주특별자치도 서귀포시 법환동 877,126.5119267,33.2468372,제주특별자치도,체험
1394,[제주올레 21코스] 하도-종달올레,제주특별자치도 제주시 구좌읍 하도리 22-4,126.9007375,33.5194833,제주특별자치도,체험
1395,제주하이킹(제주도자전거여행),제주특별자치도 제주시 삼도이동 1115,126.5215242,33.5156622,제주특별자치도,체험
1396,윈드1947 카트테마파크,제주특별자치도 서귀포시 토평동 1799,126.5893338,33.2891815,제주특별자치도,체험
1397,[제주올레 1-1코스] 우도올레,제주특별자치도 제주시 우도면 연평리 2473-1,126.9415247,33.5059982,제주특별자치도,체험
1398,말 테마파크 골프장 (렛츠런파크 제주),제주특별자치도 제주시 애월읍 유수암리 1206,126.3963729,33.4105330,제주특별자치도,체험
1399,[제주올레 1코스] 시흥-광치기 올레,제주특별자치도 서귀포시 성산읍 오조리,126.9152750,33.4719917,제주특별자치도,체험
1400,제주승마공원,제주특별자치도 제주시 애월읍 유수암리 1175,126.4065495,33.4055976,제주특별자치도,체험
1401,김녕요트투어,제주특별자치도 제주시 구좌읍 김녕리 4212-1,126.7368750,33.5582417,제주특별자치도,체험
1402,중문골프클럽,제주특별자치도 서귀포시 색달동 2101,126.4114343,33.2542186,제주특별자치도,체험
1403,[제주올레 10코스] 화순-모슬포 올레,제주특별자치 서귀포시 대정읍 상모리 1-7,126.2941830,33.2151186,제주특별자치도,체험
1404,[제주올레 7코스] 서귀포-월평 올레,제주특별자치도 서귀포시 강정동,126.4984914,33.2328785,제주특별자치도,체험
1405,[제주올레 10-1코스] 가파도 올레,제주특별자치도 서귀포시 대정읍 가파리,126.2697831,33.1701079,제주특별자치도,체험
1406,비자림청소년수련원,제주특별자치도 제주시 구좌읍 평대리 3161-1,126.8066616,33.4843446,제주특별자치도,체험
1407,9.81 파크,제주특별자치도 제주시 애월읍 어음리 산131,126.3665032,33.3900344,제주특별자치도,체험
1408,[제주올레 4코스] 표선-남원 올레,제주특별자치도 서귀포시 표선면 표선리,126.7714709,33.3121271,제주특별자치도,체험
1409,제주레포츠랜드㈜,제주특별자치도 제주시 조천읍 와흘리 870,126.6381442,33.4821444,제주특별자치도,체험
1410,요트투어 샹그릴라,제주특별자치도 서귀포시 색달동 2950-4,126.4156021,33.2438652,제주특별자치도,체험
1411,다이브랜드,제주특별자치도 서귀포시 보목동 533,126.6059401,33.2408190,제주특별자치도,체험
1412,에버리스골프리조트,제주특별자치도 제주시 애월읍 어음리 523-43,126.3654286,33.3693255,제주특별자치도,체험
1413,서귀포시청소년수련관,제주특별자치도 서귀포시 강정동 1481-3,126.4983680,33.2605872,제주특별자치도,체험
1414,추자군도,제주특별자치도 제주시 추자면 대서리,126.3613066,33.9718639,제주특별자치도,체험
1415,대유랜드,제주특별자치도 서귀포시 상예동 144,126.3950544,33.2776223,제주특별자치도,체험
1416,[제주올레 2코스] 광치기-온평 올레,제주특별자치도 서귀포시 성산읍 고성리 2525,126.8964274,33.4360116,제주특별자치도,체험
1417,[제주올레 11코스] 모슬포-무릉 올레,제주특별자치도 서귀포시 대정읍 동일리,126.2634125,33.2479750,제주특별자치도,체험
1418,제주 오리엔탈호텔 카지노,제주특별자치도 제주시 삼도2동 1197,126.5197898,33.5175815,제주특별자치도,체험
1419,[제주올레 19코스] 조천-김녕 올레,제주특별자치 제주시 조천읍 북촌리 2688,126.6888925,33.5460633,제주특별자치도,체험
1420,제주 조랑말타운,제주특별자치도 서귀포시 표선면 성읍리 2867,126.7727386,33.4068200,제주특별자치도,체험
1421,오라컨트리클럽,제주특별자치도 제주시 오라2동 289,126.5109454,33.4465786,제주특별자치도,체험
1422,차귀도 바다낚시,제주특별자치도 제주시 한경면 고산리,126.1510449,33.3127927,제주특별자치도,체험
1423,[제주올레 15코스] 한림-고내 올레,제주특별자치도 제주시 애월읍 납읍리,126.3193865,33.4303425,제주특별자치도,체험
1424,[제주올레 8코스] 월평-대평 올레,제주특별자치도 서귀포시 월평동,126.3856000,33.2350583,제주특별자치도,체험
1425,[제주올레 13코스] 용수-저지 올레,제주특별자치도 제주시 한경면 조수리,126.2117055,33.3284661,제주특별자치도,체험
1426,알프스승마장 포니,제주특별자치도 서귀포시 표선면 성읍리 475,126.8026811,33.3984277,제주특별자치도,체험
1427,[제주올레 9코스] 대평-화순 올레,제주특별자치도 서귀포시 안덕면 감산리,126.3490398,33.2384149,제주특별자치도,체험
1428,[제주올레 14코스] 저지-한림 올레,제주특별자치도 제주시 한림읍 월령리,126.2242250,33.3715917,제주특별자치도,체험
